unique_id,tag
8b28080f-d779-464f-80fe-786608f15f97,노점
6cc6950e-2320-4f32-bafb-1e2759bb0a6d,노점
4bf8b643-5644-4fd4-b1f9-5ad28c3a6563,노점
03f2daff-cce9-4a0e-a578-6089a76eb062,노점
4130118f-d411-4d1a-92a8-4b90a8511f63,노점
9e34b68d-0af0-4b9f-981e-471e84ab7407,노점
97ff896c-9366-4dea-aeb4-b96203f922ab,노점
5ed98ee7-d3e4-4e60-a881-6e38662d6446,노점
2c165209-0b84-4256-90cf-14177c23a94e,노점
138ce191-4dc2-4bf9-9c6e-c6af7569b94d,노점
0487cafe-41e0-4cc1-8ff7-aba5ea21a32a,노점
08fa61ca-d61c-4483-8434-315f9b9d1fda,노점
08fa61ca-d61c-4483-8434-315f9b9d1fda,시장
e5ada909-906d-491b-aafa-4541d0d05df3,노점
e5ada909-906d-491b-aafa-4541d0d05df3,시장
f1fe866f-d6ec-4cca-b2e3-84d26e66669d,노점
f1fe866f-d6ec-4cca-b2e3-84d26e66669d,시장
43fc6dbb-5571-48de-8412-e221c7da648d,노점
43fc6dbb-5571-48de-8412-e221c7da648d,시장
ceaf6933-293f-4d53-a134-bf73a85df617,노점
ceaf6933-293f-4d53-a134-bf73a85df617,시장
7b37059f-2459-4c88-a85b-6c0992cf422b,노점
7b37059f-2459-4c88-a85b-6c0992cf422b,시장
1030df34-a4ae-4437-96cd-711a1bd9e52b,한약재
1030df34-a4ae-4437-96cd-711a1bd9e52b,노점
1030df34-a4ae-4437-96cd-711a1bd9e52b,시장
255ee787-c7c2-4760-9215-92ca9e7fb946,포장
255ee787-c7c2-4760-9215-92ca9e7fb946,한약재
255ee787-c7c2-4760-9215-92ca9e7fb946,노점
255ee787-c7c2-4760-9215-92ca9e7fb946,시장
d37fcf1e-f3ab-4605-84cd-6c600e8e1a09,포장
d37fcf1e-f3ab-4605-84cd-6c600e8e1a09,노점
d37fcf1e-f3ab-4605-84cd-6c600e8e1a09,시장
0f604c26-6cd7-43fd-8423-68cf961823ba,포장
0f604c26-6cd7-43fd-8423-68cf961823ba,노점
0f604c26-6cd7-43fd-8423-68cf961823ba,시장
c891bea6-561d-40f0-8201-c74ea64a035d,포장
c891bea6-561d-40f0-8201-c74ea64a035d,떡
c891bea6-561d-40f0-8201-c74ea64a035d,노점
c891bea6-561d-40f0-8201-c74ea64a035d,시장
83eae8c8-ee99-4516-be90-8c25c6928f93,떡
83eae8c8-ee99-4516-be90-8c25c6928f93,노점
83eae8c8-ee99-4516-be90-8c25c6928f93,시장
43bbcb5c-f674-4beb-8c2e-a8bd2c4ea189,떡
43bbcb5c-f674-4beb-8c2e-a8bd2c4ea189,가래떡
43bbcb5c-f674-4beb-8c2e-a8bd2c4ea189,노점
43bbcb5c-f674-4beb-8c2e-a8bd2c4ea189,시장
68e33858-2f5b-4c2b-93cd-a10fd19ecc04,주방도구
68e33858-2f5b-4c2b-93cd-a10fd19ecc04,노점
68e33858-2f5b-4c2b-93cd-a10fd19ecc04,시장
6695f5f5-2da9-4d85-9771-f578d6f5abf7,분식
6695f5f5-2da9-4d85-9771-f578d6f5abf7,주방도구
6695f5f5-2da9-4d85-9771-f578d6f5abf7,노점
6695f5f5-2da9-4d85-9771-f578d6f5abf7,시장
d17d7620-a8dc-413a-8337-fcf02932d472,분식
d17d7620-a8dc-413a-8337-fcf02932d472,노점
d17d7620-a8dc-413a-8337-fcf02932d472,시장
a3014fbc-e885-43a1-aba6-db7ca9cd06cf,분식
a3014fbc-e885-43a1-aba6-db7ca9cd06cf,노점
a3014fbc-e885-43a1-aba6-db7ca9cd06cf,시장
f3a4ecd7-a7dd-4a52-9f1c-18ebb7f69e95,분식
f3a4ecd7-a7dd-4a52-9f1c-18ebb7f69e95,노점
f3a4ecd7-a7dd-4a52-9f1c-18ebb7f69e95,시장
5d325107-b048-4f28-be9f-047e11878cbb,분식
5d325107-b048-4f28-be9f-047e11878cbb,노점
5d325107-b048-4f28-be9f-047e11878cbb,시장
5c88f02b-7871-4236-af87-88c11807fd36,분식
5c88f02b-7871-4236-af87-88c11807fd36,꼬치
5c88f02b-7871-4236-af87-88c11807fd36,노점
5c88f02b-7871-4236-af87-88c11807fd36,시장
3c5c1062-e37f-4bf3-ae61-a525271cbc46,노점
3c5c1062-e37f-4bf3-ae61-a525271cbc46,분식
3c5c1062-e37f-4bf3-ae61-a525271cbc46,튀김
3c5c1062-e37f-4bf3-ae61-a525271cbc46,꼬치
3c5c1062-e37f-4bf3-ae61-a525271cbc46,시장
05923b6d-13ec-457c-b69a-16d6433f3ff8,분식
05923b6d-13ec-457c-b69a-16d6433f3ff8,튀김
05923b6d-13ec-457c-b69a-16d6433f3ff8,떡
05923b6d-13ec-457c-b69a-16d6433f3ff8,꼬치
05923b6d-13ec-457c-b69a-16d6433f3ff8,시장
7e844e65-3842-4c51-980e-ac96bb7594d1,붕어빵
7e844e65-3842-4c51-980e-ac96bb7594d1,튀김
7e844e65-3842-4c51-980e-ac96bb7594d1,꼬치
7e844e65-3842-4c51-980e-ac96bb7594d1,시장
fc1cdde8-951d-448a-bda9-c3058397d43a,꼬치
fc1cdde8-951d-448a-bda9-c3058397d43a,노점
fc1cdde8-951d-448a-bda9-c3058397d43a,시장
7399f6ee-9a3e-40e8-926b-6f5d084eb200,꼬치
7399f6ee-9a3e-40e8-926b-6f5d084eb200,노점
36a3385c-b7fc-4ad1-826b-d931bfac08f3,노점
36a3385c-b7fc-4ad1-826b-d931bfac08f3,꼬치
36a3385c-b7fc-4ad1-826b-d931bfac08f3,순대
ae6cd111-4626-41dd-ae39-269a9a09c870,꼬치
ae6cd111-4626-41dd-ae39-269a9a09c870,노점
ae6cd111-4626-41dd-ae39-269a9a09c870,핫도그
8fb3b7ad-fa5a-4dcc-a218-0390ebb6379c,분식
8fb3b7ad-fa5a-4dcc-a218-0390ebb6379c,꼬치
8fb3b7ad-fa5a-4dcc-a218-0390ebb6379c,노점
b19d55c8-f53a-4814-8610-223ae141bfff,분식
b19d55c8-f53a-4814-8610-223ae141bfff,꼬치
b19d55c8-f53a-4814-8610-223ae141bfff,노점
77f4dc67-66e6-440f-8111-b3133280e119,분식
77f4dc67-66e6-440f-8111-b3133280e119,노점
08de88b6-3c82-4baf-9e4d-aaa54290dccd,분식
08de88b6-3c82-4baf-9e4d-aaa54290dccd,노점
8f70ecf0-9ec5-47cf-a95f-7b480bb71167,분식
8f70ecf0-9ec5-47cf-a95f-7b480bb71167,빵
8f70ecf0-9ec5-47cf-a95f-7b480bb71167,노점
a139c0e4-1449-450c-8c3b-b6cbfdecb4ce,분식
a139c0e4-1449-450c-8c3b-b6cbfdecb4ce,빵
a139c0e4-1449-450c-8c3b-b6cbfdecb4ce,노점
a139c0e4-1449-450c-8c3b-b6cbfdecb4ce,시장
54fe063b-a854-402b-8254-da4b830f68d2,노점
54fe063b-a854-402b-8254-da4b830f68d2,분식
54fe063b-a854-402b-8254-da4b830f68d2,도너츠
54fe063b-a854-402b-8254-da4b830f68d2,핫도그
54fe063b-a854-402b-8254-da4b830f68d2,빵
54fe063b-a854-402b-8254-da4b830f68d2,시장
0363817b-da1e-4806-9dde-4df6b58f0d14,노점
0363817b-da1e-4806-9dde-4df6b58f0d14,분식
0363817b-da1e-4806-9dde-4df6b58f0d14,튀김
0363817b-da1e-4806-9dde-4df6b58f0d14,도너츠
0363817b-da1e-4806-9dde-4df6b58f0d14,핫도그
0363817b-da1e-4806-9dde-4df6b58f0d14,빵
0363817b-da1e-4806-9dde-4df6b58f0d14,시장
69500ee9-97c8-4cdb-8f67-55c42513f027,노점
69500ee9-97c8-4cdb-8f67-55c42513f027,분식
69500ee9-97c8-4cdb-8f67-55c42513f027,튀김
69500ee9-97c8-4cdb-8f67-55c42513f027,어묵
69500ee9-97c8-4cdb-8f67-55c42513f027,핫도그
69500ee9-97c8-4cdb-8f67-55c42513f027,주방도구
69500ee9-97c8-4cdb-8f67-55c42513f027,붕어빵
69500ee9-97c8-4cdb-8f67-55c42513f027,빵
69500ee9-97c8-4cdb-8f67-55c42513f027,시장
f68591fb-4964-4271-a55b-8040c17c1095,노점
f68591fb-4964-4271-a55b-8040c17c1095,주방도구
f68591fb-4964-4271-a55b-8040c17c1095,붕어빵
f68591fb-4964-4271-a55b-8040c17c1095,빵
f68591fb-4964-4271-a55b-8040c17c1095,시장
07eba21b-428d-4251-8c10-d93c2edcbf69,노점
07eba21b-428d-4251-8c10-d93c2edcbf69,분식
07eba21b-428d-4251-8c10-d93c2edcbf69,튀김
07eba21b-428d-4251-8c10-d93c2edcbf69,주방도구
07eba21b-428d-4251-8c10-d93c2edcbf69,붕어빵
07eba21b-428d-4251-8c10-d93c2edcbf69,빵
07eba21b-428d-4251-8c10-d93c2edcbf69,뻥튀기
07eba21b-428d-4251-8c10-d93c2edcbf69,시장
54f17b40-980f-4554-9863-218913d2a2de,노점
54f17b40-980f-4554-9863-218913d2a2de,주방도구
54f17b40-980f-4554-9863-218913d2a2de,붕어빵
54f17b40-980f-4554-9863-218913d2a2de,빵
54f17b40-980f-4554-9863-218913d2a2de,시장
1675cd3d-0ce1-44d0-9801-f6875f79739b,붕어빵
1675cd3d-0ce1-44d0-9801-f6875f79739b,빵
1675cd3d-0ce1-44d0-9801-f6875f79739b,시장
6d4e5251-58c5-4896-a92c-598a64434bc7,노점
6d4e5251-58c5-4896-a92c-598a64434bc7,붕어빵
6d4e5251-58c5-4896-a92c-598a64434bc7,빵
6d4e5251-58c5-4896-a92c-598a64434bc7,뻥튀기
6d4e5251-58c5-4896-a92c-598a64434bc7,시장
6fcdcf29-5090-4847-8923-826a51dca88a,포장
6fcdcf29-5090-4847-8923-826a51dca88a,빵
6fcdcf29-5090-4847-8923-826a51dca88a,의류
6fcdcf29-5090-4847-8923-826a51dca88a,시장
5c66309c-7cef-4951-a057-01a80e3cf308,노점
5c66309c-7cef-4951-a057-01a80e3cf308,주방도구
5c66309c-7cef-4951-a057-01a80e3cf308,의류
5c66309c-7cef-4951-a057-01a80e3cf308,좌석있음
5c66309c-7cef-4951-a057-01a80e3cf308,시장
e85e42a4-2b12-4a3e-bb49-c094e2e6543a,포장
e85e42a4-2b12-4a3e-bb49-c094e2e6543a,의류
e85e42a4-2b12-4a3e-bb49-c094e2e6543a,노점
e85e42a4-2b12-4a3e-bb49-c094e2e6543a,시장
61867ded-4746-4611-bac9-22f4190eff68,의류
61867ded-4746-4611-bac9-22f4190eff68,모자
61867ded-4746-4611-bac9-22f4190eff68,노점
61867ded-4746-4611-bac9-22f4190eff68,시장
6db24257-274b-4623-a595-b65fee53c486,신발
6db24257-274b-4623-a595-b65fee53c486,의류
6db24257-274b-4623-a595-b65fee53c486,노점
6db24257-274b-4623-a595-b65fee53c486,시장
bc6103a6-efac-4160-a95f-713489f58771,노점
bc6103a6-efac-4160-a95f-713489f58771,신발
bc6103a6-efac-4160-a95f-713489f58771,주방도구
bc6103a6-efac-4160-a95f-713489f58771,빵
bc6103a6-efac-4160-a95f-713489f58771,의류
bc6103a6-efac-4160-a95f-713489f58771,시장
44f161c0-b592-42ac-a188-90a1e759604d,음료
44f161c0-b592-42ac-a188-90a1e759604d,노점
44f161c0-b592-42ac-a188-90a1e759604d,주방도구
44f161c0-b592-42ac-a188-90a1e759604d,의류
44f161c0-b592-42ac-a188-90a1e759604d,좌석있음
44f161c0-b592-42ac-a188-90a1e759604d,시장
1c9e446c-9e8f-494d-9b0b-27020c36f3d4,좌석있음
1c9e446c-9e8f-494d-9b0b-27020c36f3d4,주방도구
1c9e446c-9e8f-494d-9b0b-27020c36f3d4,음료
1c9e446c-9e8f-494d-9b0b-27020c36f3d4,노점
9df25126-fa6b-468f-bef3-3543f6bbb2eb,좌석있음
9df25126-fa6b-468f-bef3-3543f6bbb2eb,주방도구
9df25126-fa6b-468f-bef3-3543f6bbb2eb,노점
2a8a74f4-6379-4f54-9f1f-c90468a56512,분식
2a8a74f4-6379-4f54-9f1f-c90468a56512,주방도구
2a8a74f4-6379-4f54-9f1f-c90468a56512,좌석있음
2a8a74f4-6379-4f54-9f1f-c90468a56512,노점
d5aee928-9377-416c-81e4-f0cd2ade37ca,노점
d5aee928-9377-416c-81e4-f0cd2ade37ca,분식
d5aee928-9377-416c-81e4-f0cd2ade37ca,주방도구
d5aee928-9377-416c-81e4-f0cd2ade37ca,빵
d5aee928-9377-416c-81e4-f0cd2ade37ca,좌석있음
d5aee928-9377-416c-81e4-f0cd2ade37ca,시장
31eab54a-f43a-4217-a784-3ec97d200774,노점
31eab54a-f43a-4217-a784-3ec97d200774,분식
31eab54a-f43a-4217-a784-3ec97d200774,주방도구
31eab54a-f43a-4217-a784-3ec97d200774,젓갈
31eab54a-f43a-4217-a784-3ec97d200774,좌석있음
31eab54a-f43a-4217-a784-3ec97d200774,시장
3a1a9790-1055-472f-a069-a412572abc43,칼국수
3a1a9790-1055-472f-a069-a412572abc43,분식
3a1a9790-1055-472f-a069-a412572abc43,주방도구
3a1a9790-1055-472f-a069-a412572abc43,의류
3a1a9790-1055-472f-a069-a412572abc43,장신구
3a1a9790-1055-472f-a069-a412572abc43,좌석있음
3a1a9790-1055-472f-a069-a412572abc43,시장
b27f9f5b-182e-4abf-9555-41e0e023d192,주방도구
b27f9f5b-182e-4abf-9555-41e0e023d192,장신구
b27f9f5b-182e-4abf-9555-41e0e023d192,장난감
b27f9f5b-182e-4abf-9555-41e0e023d192,좌석있음
b27f9f5b-182e-4abf-9555-41e0e023d192,시장
fcf07140-dea7-4c6d-a1ba-3d2cc5ce7c3b,주방도구
fcf07140-dea7-4c6d-a1ba-3d2cc5ce7c3b,모자
fcf07140-dea7-4c6d-a1ba-3d2cc5ce7c3b,시장
d276dd72-a574-48e2-9456-a07529cf5044,주방도구
d276dd72-a574-48e2-9456-a07529cf5044,해산물
d276dd72-a574-48e2-9456-a07529cf5044,시장
18cdfd90-878b-4c29-b2b4-48448dc0b027,해산물
18cdfd90-878b-4c29-b2b4-48448dc0b027,시장
49924eca-4046-47f8-82eb-a7b04eb807ef,해산물
49924eca-4046-47f8-82eb-a7b04eb807ef,생선
49924eca-4046-47f8-82eb-a7b04eb807ef,시장
db928716-7bf6-46dc-ab6f-5926f68a8e12,해산물
db928716-7bf6-46dc-ab6f-5926f68a8e12,생선
db928716-7bf6-46dc-ab6f-5926f68a8e12,시장
bf51890b-5711-4156-bc63-b214f9688371,해산물
bf51890b-5711-4156-bc63-b214f9688371,생선
bf51890b-5711-4156-bc63-b214f9688371,시장
f02f6f48-765d-4cc3-aaae-60ddf103de98,해산물
f02f6f48-765d-4cc3-aaae-60ddf103de98,생선
f02f6f48-765d-4cc3-aaae-60ddf103de98,시장
d0b3ac6b-7f38-4058-91cc-5e1c78a63583,건어물
d0b3ac6b-7f38-4058-91cc-5e1c78a63583,생선
d0b3ac6b-7f38-4058-91cc-5e1c78a63583,해산물
d0b3ac6b-7f38-4058-91cc-5e1c78a63583,반찬
d0b3ac6b-7f38-4058-91cc-5e1c78a63583,시장
bf0c3e5e-8b77-4cbd-a093-2d7da8acf158,건어물
bf0c3e5e-8b77-4cbd-a093-2d7da8acf158,포장
bf0c3e5e-8b77-4cbd-a093-2d7da8acf158,해산물
bf0c3e5e-8b77-4cbd-a093-2d7da8acf158,반찬
bf0c3e5e-8b77-4cbd-a093-2d7da8acf158,시장
ed6ec040-ae86-46a8-81d7-b4a7cce1cc13,견과류
ed6ec040-ae86-46a8-81d7-b4a7cce1cc13,한약재
ed6ec040-ae86-46a8-81d7-b4a7cce1cc13,건어물
ed6ec040-ae86-46a8-81d7-b4a7cce1cc13,포장
ed6ec040-ae86-46a8-81d7-b4a7cce1cc13,반찬
ed6ec040-ae86-46a8-81d7-b4a7cce1cc13,시장
51f7d746-1797-466c-bb4d-86aa089a8b23,포장
51f7d746-1797-466c-bb4d-86aa089a8b23,한약재
51f7d746-1797-466c-bb4d-86aa089a8b23,건어물
51f7d746-1797-466c-bb4d-86aa089a8b23,시장
07695a62-5d53-47f1-bd27-e6073a41be3a,한약재
07695a62-5d53-47f1-bd27-e6073a41be3a,건어물
07695a62-5d53-47f1-bd27-e6073a41be3a,시장
1f07ce3f-9b65-4b7f-84ee-ea2d4d62e86f,한약재
1f07ce3f-9b65-4b7f-84ee-ea2d4d62e86f,건어물
1f07ce3f-9b65-4b7f-84ee-ea2d4d62e86f,시장
b7527b2f-1726-4075-936a-f63737f74357,건어물
b7527b2f-1726-4075-936a-f63737f74357,시장
141a4bbd-7c24-4bcb-bcad-be7da8d2aa77,건어물
141a4bbd-7c24-4bcb-bcad-be7da8d2aa77,시장
16862169-de00-4c4f-9952-8f1787bc92fb,건강식품
16862169-de00-4c4f-9952-8f1787bc92fb,건어물
16862169-de00-4c4f-9952-8f1787bc92fb,시장
d49e4700-f357-47b7-8f03-a719d5083b62,견과류
d49e4700-f357-47b7-8f03-a719d5083b62,한약재
d49e4700-f357-47b7-8f03-a719d5083b62,건어물
d49e4700-f357-47b7-8f03-a719d5083b62,건강식품
d49e4700-f357-47b7-8f03-a719d5083b62,시장
b6e068b6-c645-41a1-971f-9e766173247c,견과류
b6e068b6-c645-41a1-971f-9e766173247c,한약재
b6e068b6-c645-41a1-971f-9e766173247c,노점
b6e068b6-c645-41a1-971f-9e766173247c,건어물
b6e068b6-c645-41a1-971f-9e766173247c,포장
b6e068b6-c645-41a1-971f-9e766173247c,건강식품
b6e068b6-c645-41a1-971f-9e766173247c,시장
52993e29-44a0-4076-810e-bcef20aa95f0,견과류
52993e29-44a0-4076-810e-bcef20aa95f0,한약재
52993e29-44a0-4076-810e-bcef20aa95f0,건어물
52993e29-44a0-4076-810e-bcef20aa95f0,포장
52993e29-44a0-4076-810e-bcef20aa95f0,과일
52993e29-44a0-4076-810e-bcef20aa95f0,건강식품
52993e29-44a0-4076-810e-bcef20aa95f0,과자
52993e29-44a0-4076-810e-bcef20aa95f0,시장
49242a43-1eb3-427d-8580-384e7e4726bf,견과류
49242a43-1eb3-427d-8580-384e7e4726bf,한약재
49242a43-1eb3-427d-8580-384e7e4726bf,건어물
49242a43-1eb3-427d-8580-384e7e4726bf,포장
49242a43-1eb3-427d-8580-384e7e4726bf,과일
49242a43-1eb3-427d-8580-384e7e4726bf,과자
49242a43-1eb3-427d-8580-384e7e4726bf,시장
8419bf8e-a31f-4bf9-a1ab-bbff92c86ce8,한약재
8419bf8e-a31f-4bf9-a1ab-bbff92c86ce8,건어물
8419bf8e-a31f-4bf9-a1ab-bbff92c86ce8,곶감
8419bf8e-a31f-4bf9-a1ab-bbff92c86ce8,포장
8419bf8e-a31f-4bf9-a1ab-bbff92c86ce8,과일
8419bf8e-a31f-4bf9-a1ab-bbff92c86ce8,과자
8419bf8e-a31f-4bf9-a1ab-bbff92c86ce8,시장
80a17968-2b67-412e-97d4-39385d8ede07,한약재
80a17968-2b67-412e-97d4-39385d8ede07,건어물
80a17968-2b67-412e-97d4-39385d8ede07,곶감
80a17968-2b67-412e-97d4-39385d8ede07,포장
80a17968-2b67-412e-97d4-39385d8ede07,건강식품
80a17968-2b67-412e-97d4-39385d8ede07,과자
31d24621-d43a-4d17-90f5-93610ab1958c,견과류
31d24621-d43a-4d17-90f5-93610ab1958c,한약재
31d24621-d43a-4d17-90f5-93610ab1958c,건어물
31d24621-d43a-4d17-90f5-93610ab1958c,포장
31d24621-d43a-4d17-90f5-93610ab1958c,가래떡
31d24621-d43a-4d17-90f5-93610ab1958c,과자
31d24621-d43a-4d17-90f5-93610ab1958c,시장
ede7e165-1fd3-4fa1-aeef-98c5a7a37c3c,견과류
ede7e165-1fd3-4fa1-aeef-98c5a7a37c3c,건어물
ede7e165-1fd3-4fa1-aeef-98c5a7a37c3c,포장
ede7e165-1fd3-4fa1-aeef-98c5a7a37c3c,가래떡
ede7e165-1fd3-4fa1-aeef-98c5a7a37c3c,참깨
ede7e165-1fd3-4fa1-aeef-98c5a7a37c3c,건강식품
ede7e165-1fd3-4fa1-aeef-98c5a7a37c3c,과자
ede7e165-1fd3-4fa1-aeef-98c5a7a37c3c,게
ede7e165-1fd3-4fa1-aeef-98c5a7a37c3c,시장
9bf82b0d-c1c6-468a-b33d-638e15edb446,견과류
9bf82b0d-c1c6-468a-b33d-638e15edb446,노점
9bf82b0d-c1c6-468a-b33d-638e15edb446,곶감
9bf82b0d-c1c6-468a-b33d-638e15edb446,과일
9bf82b0d-c1c6-468a-b33d-638e15edb446,건강식품
9bf82b0d-c1c6-468a-b33d-638e15edb446,과자
9bf82b0d-c1c6-468a-b33d-638e15edb446,게
9bf82b0d-c1c6-468a-b33d-638e15edb446,시장
6049b275-58bf-4a63-9394-10705ec02e09,견과류
6049b275-58bf-4a63-9394-10705ec02e09,노점
6049b275-58bf-4a63-9394-10705ec02e09,건어물
6049b275-58bf-4a63-9394-10705ec02e09,과일
6049b275-58bf-4a63-9394-10705ec02e09,과자
6049b275-58bf-4a63-9394-10705ec02e09,시장
749a2993-7cd3-4ad9-84b1-88d50a07aaf2,과자
749a2993-7cd3-4ad9-84b1-88d50a07aaf2,과일
749a2993-7cd3-4ad9-84b1-88d50a07aaf2,견과류
749a2993-7cd3-4ad9-84b1-88d50a07aaf2,건어물
254e689e-05c2-4652-8b67-98070d2decbb,견과류
254e689e-05c2-4652-8b67-98070d2decbb,디저트
254e689e-05c2-4652-8b67-98070d2decbb,건어물
254e689e-05c2-4652-8b67-98070d2decbb,포장
254e689e-05c2-4652-8b67-98070d2decbb,과일
254e689e-05c2-4652-8b67-98070d2decbb,빵
254e689e-05c2-4652-8b67-98070d2decbb,과자
254e689e-05c2-4652-8b67-98070d2decbb,시장
c56a4c8a-326a-4afc-bd19-ef309feca4a4,포장
c56a4c8a-326a-4afc-bd19-ef309feca4a4,한약재
c56a4c8a-326a-4afc-bd19-ef309feca4a4,건어물
030d9abb-187c-4e09-9115-94954c22681b,포장
030d9abb-187c-4e09-9115-94954c22681b,한약재
030d9abb-187c-4e09-9115-94954c22681b,노점
df445bf8-4160-4389-8272-3d16b6c5a6f8,포장
df445bf8-4160-4389-8272-3d16b6c5a6f8,한약재
df445bf8-4160-4389-8272-3d16b6c5a6f8,노점
0b8c0f0f-dfa0-4e95-841e-cfc19b01eed8,포장
0b8c0f0f-dfa0-4e95-841e-cfc19b01eed8,콩
0b8c0f0f-dfa0-4e95-841e-cfc19b01eed8,노점
2734c91a-fdd9-432d-aaa6-beb8979fc5e3,포장
ef9a2cef-1bff-42fc-88a0-c2778aadb2d6,포장
8e8651b5-ad5a-4d4a-81f2-07713ada7d17,포장
15830f85-fb14-4ca8-815b-514e83a87632,포장
e3efd5cf-48b8-44a4-a178-57b2eff8c369,포장
66ba8737-0c93-4206-b24c-30833ed77dc9,포장
2275220f-3246-404d-823c-ef5b140fff21,포장
2275220f-3246-404d-823c-ef5b140fff21,빵
dc7ab853-31af-41d5-9aab-bcd69358f1e5,포장
dc7ab853-31af-41d5-9aab-bcd69358f1e5,빵
d75510b3-a23b-4567-b977-e8f26348f3fd,포장
d75510b3-a23b-4567-b977-e8f26348f3fd,빵
0021bb37-2ff3-4bc0-9f02-ab0f30dd5d60,빵
16fb274d-7e08-4703-9ae4-871d13d0d02e,빵
9c4d2a5b-f9b8-4440-868c-d41a581e5373,빵
9c4d2a5b-f9b8-4440-868c-d41a581e5373,노점
b52488cd-0892-4d68-a0c6-d0311c423069,디저트
b52488cd-0892-4d68-a0c6-d0311c423069,노점
b52488cd-0892-4d68-a0c6-d0311c423069,빵
3d08cf6c-bff3-4586-9a67-832952eb1afc,디저트
3d08cf6c-bff3-4586-9a67-832952eb1afc,노점
3d08cf6c-bff3-4586-9a67-832952eb1afc,빵
a0e31e0c-b32d-477c-afe3-4148aba0acf1,아이스크림
a0e31e0c-b32d-477c-afe3-4148aba0acf1,디저트
a0e31e0c-b32d-477c-afe3-4148aba0acf1,노점
381e6605-798c-4bb6-a708-4ec4148e7a0b,음료
381e6605-798c-4bb6-a708-4ec4148e7a0b,아이스크림
381e6605-798c-4bb6-a708-4ec4148e7a0b,노점
ada7845c-2de4-4094-9085-e01217c8a0a6,음료
ada7845c-2de4-4094-9085-e01217c8a0a6,노점
ada7845c-2de4-4094-9085-e01217c8a0a6,시장
7624505a-55e0-4acd-ada0-ed14c46c8480,좌석있음
7624505a-55e0-4acd-ada0-ed14c46c8480,음료
7624505a-55e0-4acd-ada0-ed14c46c8480,노점
7624505a-55e0-4acd-ada0-ed14c46c8480,시장
a2be74fd-cffe-46d2-b239-bce81f91e68d,좌석있음
a2be74fd-cffe-46d2-b239-bce81f91e68d,빵
a2be74fd-cffe-46d2-b239-bce81f91e68d,노점
a2be74fd-cffe-46d2-b239-bce81f91e68d,시장
03c641b7-ad61-429e-9ad8-2f56ad95885a,좌석있음
03c641b7-ad61-429e-9ad8-2f56ad95885a,노점
f2a31883-0cb9-44e3-84c2-76e4096b1769,좌석있음
87242a56-de7c-45f9-bf35-cd7d8259b690,좌석있음
87242a56-de7c-45f9-bf35-cd7d8259b690,순대
c14781d3-1799-4b0f-badf-67654ccbcff7,카페
c14781d3-1799-4b0f-badf-67654ccbcff7,커피
c14781d3-1799-4b0f-badf-67654ccbcff7,좌석있음
c14781d3-1799-4b0f-badf-67654ccbcff7,시장
5a00209f-47ac-422e-9aa1-100ab8738111,카페
5a00209f-47ac-422e-9aa1-100ab8738111,과일
5a00209f-47ac-422e-9aa1-100ab8738111,음료
5a00209f-47ac-422e-9aa1-100ab8738111,시장
e4f46f78-e5dc-4268-9f8e-6afde7ba10bc,과일
e4f46f78-e5dc-4268-9f8e-6afde7ba10bc,의류
e4f46f78-e5dc-4268-9f8e-6afde7ba10bc,음료
e4f46f78-e5dc-4268-9f8e-6afde7ba10bc,시장
535558fa-1b65-4aa7-83b0-68cec25c2a8d,과일
535558fa-1b65-4aa7-83b0-68cec25c2a8d,시장
fc52d629-cc57-4bda-b942-67dcf0a363ae,과일
fc52d629-cc57-4bda-b942-67dcf0a363ae,수박
fc52d629-cc57-4bda-b942-67dcf0a363ae,시장
f40a7bc4-c91e-42a7-a9e0-e0382d5bbf78,과일
f40a7bc4-c91e-42a7-a9e0-e0382d5bbf78,수박
f40a7bc4-c91e-42a7-a9e0-e0382d5bbf78,시장
6fcda3b5-c6b6-416d-af83-548e984efc30,포장
6fcda3b5-c6b6-416d-af83-548e984efc30,과일
6fcda3b5-c6b6-416d-af83-548e984efc30,시장
473fbde2-a540-41a1-9d32-62b21130332e,포장
473fbde2-a540-41a1-9d32-62b21130332e,시장
81180a03-86de-4cd6-8979-9697916a3f82,포장
81180a03-86de-4cd6-8979-9697916a3f82,떡
81180a03-86de-4cd6-8979-9697916a3f82,시장
77971ecc-d54b-4f15-9129-0202da22d197,포장
77971ecc-d54b-4f15-9129-0202da22d197,떡
77971ecc-d54b-4f15-9129-0202da22d197,시장
60c49501-0b49-4e85-a274-6ee527c4a49c,포장
60c49501-0b49-4e85-a274-6ee527c4a49c,떡
ea8e7f8a-f53d-4d82-a917-628afb7c1b30,떡
6edafe97-a510-4617-a55b-d28f4185dabd,주방도구
6edafe97-a510-4617-a55b-d28f4185dabd,떡
8f7cbc56-4378-41e7-8fdd-d0a5b3ed547a,떡
8f7cbc56-4378-41e7-8fdd-d0a5b3ed547a,디저트
8f7cbc56-4378-41e7-8fdd-d0a5b3ed547a,과자
79ba0b36-f07c-4eb1-b4db-a6c56c700208,과자
79ba0b36-f07c-4eb1-b4db-a6c56c700208,디저트
79ba0b36-f07c-4eb1-b4db-a6c56c700208,빵
7d5e67ef-9ef2-45d0-bd51-413141a9109c,포장
7d5e67ef-9ef2-45d0-bd51-413141a9109c,과자
757f6548-dc6e-4fc3-8112-91306906ff24,포장
757f6548-dc6e-4fc3-8112-91306906ff24,반찬
344281f8-7d29-4cbb-a741-12e8dec6e0db,포장
344281f8-7d29-4cbb-a741-12e8dec6e0db,국수
5772b88a-a5f6-4b0b-b7e4-2fd527b6f15d,채소
5772b88a-a5f6-4b0b-b7e4-2fd527b6f15d,국수
49a4de2d-3027-430d-bd87-97a625433811,배추
49a4de2d-3027-430d-bd87-97a625433811,채소
49a4de2d-3027-430d-bd87-97a625433811,시장
68c1e3df-8659-4216-ac5f-95f83e8c199d,배추
68c1e3df-8659-4216-ac5f-95f83e8c199d,채소
68c1e3df-8659-4216-ac5f-95f83e8c199d,콩나물
68c1e3df-8659-4216-ac5f-95f83e8c199d,시장
a30b7e3f-34c5-4e4e-a785-7c9686fa65a0,채소
a30b7e3f-34c5-4e4e-a785-7c9686fa65a0,건어물
a30b7e3f-34c5-4e4e-a785-7c9686fa65a0,시장
d5bb874f-5b7b-4729-9cd3-1939ed2d2085,노점
d5bb874f-5b7b-4729-9cd3-1939ed2d2085,채소
d5bb874f-5b7b-4729-9cd3-1939ed2d2085,건어물
d5bb874f-5b7b-4729-9cd3-1939ed2d2085,시장
c971e612-0667-4fbf-ad2c-13a2e0cb3ccb,분식
c971e612-0667-4fbf-ad2c-13a2e0cb3ccb,건어물
c971e612-0667-4fbf-ad2c-13a2e0cb3ccb,노점
c971e612-0667-4fbf-ad2c-13a2e0cb3ccb,시장
6184836a-a3e0-4867-833d-94f793bb18d5,분식
6184836a-a3e0-4867-833d-94f793bb18d5,만두
6184836a-a3e0-4867-833d-94f793bb18d5,노점
6184836a-a3e0-4867-833d-94f793bb18d5,시장
89a759ad-6c21-4a3a-94ba-4b0718e33b32,분식
89a759ad-6c21-4a3a-94ba-4b0718e33b32,닭강정
89a759ad-6c21-4a3a-94ba-4b0718e33b32,노점
89a759ad-6c21-4a3a-94ba-4b0718e33b32,시장
c6732909-40f0-45aa-a695-8a21894915d1,닭강정
c6732909-40f0-45aa-a695-8a21894915d1,김밥
c6732909-40f0-45aa-a695-8a21894915d1,노점
c6732909-40f0-45aa-a695-8a21894915d1,시장
22f50a22-cf59-4bba-8ca3-dd9b907c1952,김밥
22f50a22-cf59-4bba-8ca3-dd9b907c1952,시장
a068c682-9cc7-46af-a1b3-47bffe9732df,김밥
a068c682-9cc7-46af-a1b3-47bffe9732df,튀김
a068c682-9cc7-46af-a1b3-47bffe9732df,시장
5cf62e49-4e91-4017-abf3-2ac4cde91958,시장
13a07cd0-5b60-469e-84e6-2f255b5cca30,시장
93e02e0c-c1dc-42fa-bc06-db565772009b,시장
a1e7c24c-9928-4fc5-8a42-9134c56dc0d8,시장
6012937d-0a6c-45e0-a226-c6d53a31d832,시장
8693ad6a-3391-452a-8ec6-b602ab4865bb,꽃
8693ad6a-3391-452a-8ec6-b602ab4865bb,시장
470cf06e-6220-4169-a479-cdee630cc7d0,전
470cf06e-6220-4169-a479-cdee630cc7d0,시장
bdd0db64-8137-4537-ab6d-f279dd0ffd45,족발
bdd0db64-8137-4537-ab6d-f279dd0ffd45,시장
ad7dcc60-de54-4a69-9155-3f6ba69db838,정육점
ad7dcc60-de54-4a69-9155-3f6ba69db838,시장
90600fa6-d138-4a10-ad50-693ccec5093c,번데기
90600fa6-d138-4a10-ad50-693ccec5093c,시장
6d4a0906-f67b-46c3-a7ca-fd1261a5216f,고구마
6d4a0906-f67b-46c3-a7ca-fd1261a5216f,시장
34625d48-f937-4307-8d3e-3a68d4e96a0f,연근
34625d48-f937-4307-8d3e-3a68d4e96a0f,고구마
34625d48-f937-4307-8d3e-3a68d4e96a0f,시장
033ebc04-7a9f-43e2-ac21-c0bf48f041f1,마늘
033ebc04-7a9f-43e2-ac21-c0bf48f041f1,연근
033ebc04-7a9f-43e2-ac21-c0bf48f041f1,한약재
033ebc04-7a9f-43e2-ac21-c0bf48f041f1,시장
76125d6e-8b34-4d21-abe6-02fd5fdc4277,포장
76125d6e-8b34-4d21-abe6-02fd5fdc4277,한약재
76125d6e-8b34-4d21-abe6-02fd5fdc4277,시장
8958880e-65e9-4fd5-b3c9-5acc528f8b09,포장
8958880e-65e9-4fd5-b3c9-5acc528f8b09,한약재
8958880e-65e9-4fd5-b3c9-5acc528f8b09,시장
d0ffa774-0e66-4413-90a4-480cb9bc634f,대추
d0ffa774-0e66-4413-90a4-480cb9bc634f,한약재
d0ffa774-0e66-4413-90a4-480cb9bc634f,시장
15634d00-1958-474f-a700-b743ac1b96d5,한약재
15634d00-1958-474f-a700-b743ac1b96d5,건어물
15634d00-1958-474f-a700-b743ac1b96d5,채소
15634d00-1958-474f-a700-b743ac1b96d5,도라지
15634d00-1958-474f-a700-b743ac1b96d5,닭강정
15634d00-1958-474f-a700-b743ac1b96d5,시장
0c43eec2-be05-4716-85b5-818357f6a1bc,생선
0c43eec2-be05-4716-85b5-818357f6a1bc,건어물
0c43eec2-be05-4716-85b5-818357f6a1bc,시장
a60c9aae-9a8f-4e20-aea0-474a11f52a36,건어물
a60c9aae-9a8f-4e20-aea0-474a11f52a36,생선
a60c9aae-9a8f-4e20-aea0-474a11f52a36,의류
a60c9aae-9a8f-4e20-aea0-474a11f52a36,장신구
a60c9aae-9a8f-4e20-aea0-474a11f52a36,시장
0279f5b9-57ef-458d-9a5b-352c02c3eac6,수건
0279f5b9-57ef-458d-9a5b-352c02c3eac6,의류
0279f5b9-57ef-458d-9a5b-352c02c3eac6,시장
597bc6e7-fb7c-4f09-89b0-26ab1de66622,분식
597bc6e7-fb7c-4f09-89b0-26ab1de66622,의류
597bc6e7-fb7c-4f09-89b0-26ab1de66622,시장
ff4caa82-3fc4-40b4-8868-4de6e1b28c8b,분식
ff4caa82-3fc4-40b4-8868-4de6e1b28c8b,신발
ff4caa82-3fc4-40b4-8868-4de6e1b28c8b,의류
ff4caa82-3fc4-40b4-8868-4de6e1b28c8b,만두
ff4caa82-3fc4-40b4-8868-4de6e1b28c8b,시장
a8e08521-3b3a-4331-8277-239da6870514,신발
a8e08521-3b3a-4331-8277-239da6870514,모자
a8e08521-3b3a-4331-8277-239da6870514,의류
a8e08521-3b3a-4331-8277-239da6870514,닭강정
a8e08521-3b3a-4331-8277-239da6870514,시장
f17aa7fa-734e-4dc8-a3fb-ca8833f3b925,노점
f17aa7fa-734e-4dc8-a3fb-ca8833f3b925,모자
f17aa7fa-734e-4dc8-a3fb-ca8833f3b925,주방도구
f17aa7fa-734e-4dc8-a3fb-ca8833f3b925,국수
f17aa7fa-734e-4dc8-a3fb-ca8833f3b925,의류
f17aa7fa-734e-4dc8-a3fb-ca8833f3b925,좌석있음
f17aa7fa-734e-4dc8-a3fb-ca8833f3b925,시장
3ec9abe9-8cc7-45d1-9614-298d94dd9ee6,주방도구
3ec9abe9-8cc7-45d1-9614-298d94dd9ee6,강정
3ec9abe9-8cc7-45d1-9614-298d94dd9ee6,노점
3ec9abe9-8cc7-45d1-9614-298d94dd9ee6,시장
d29d2126-093e-49bd-8a85-0dfd52bb547f,강정
d29d2126-093e-49bd-8a85-0dfd52bb547f,노점
d29d2126-093e-49bd-8a85-0dfd52bb547f,시장
8aa131bf-2431-463e-a085-f936bf365928,바구니
8aa131bf-2431-463e-a085-f936bf365928,노점
8aa131bf-2431-463e-a085-f936bf365928,시장
7cf4070d-0903-4148-b10c-cd5722ab97ca,과자
7cf4070d-0903-4148-b10c-cd5722ab97ca,노점
7cf4070d-0903-4148-b10c-cd5722ab97ca,시장
067228ee-4ecf-4c7a-9b86-7fe7a076b28b,묵
067228ee-4ecf-4c7a-9b86-7fe7a076b28b,노점
067228ee-4ecf-4c7a-9b86-7fe7a076b28b,시장
ea58a143-24d7-436d-8179-1af47364c3f9,견과류
ea58a143-24d7-436d-8179-1af47364c3f9,노점
ea58a143-24d7-436d-8179-1af47364c3f9,시장
4e016ab6-0896-49ce-b5d7-252a3b721478,견과류
4e016ab6-0896-49ce-b5d7-252a3b721478,참깨
4e016ab6-0896-49ce-b5d7-252a3b721478,노점
4e016ab6-0896-49ce-b5d7-252a3b721478,시장
e65c55f9-fa06-4b3f-8e28-f843c4a340fd,반찬
e65c55f9-fa06-4b3f-8e28-f843c4a340fd,노점
e65c55f9-fa06-4b3f-8e28-f843c4a340fd,시장
f2e10dbe-e814-4b90-8217-ba4b57693782,분식
f2e10dbe-e814-4b90-8217-ba4b57693782,반찬
f2e10dbe-e814-4b90-8217-ba4b57693782,시장
f645e9ee-387d-417b-9f77-6aa90db44c4c,분식
f645e9ee-387d-417b-9f77-6aa90db44c4c,국수
f645e9ee-387d-417b-9f77-6aa90db44c4c,노점
f645e9ee-387d-417b-9f77-6aa90db44c4c,시장
cf62f595-917f-4b02-a09f-d914b531177c,음료
cf62f595-917f-4b02-a09f-d914b531177c,식혜
cf62f595-917f-4b02-a09f-d914b531177c,노점
cf62f595-917f-4b02-a09f-d914b531177c,시장
d144f9ce-05c0-45c8-9a8f-73ed724dbc26,음료
d144f9ce-05c0-45c8-9a8f-73ed724dbc26,식혜
d144f9ce-05c0-45c8-9a8f-73ed724dbc26,시장
391db48a-fc45-48a6-ace6-9aaab6a71290,음료
391db48a-fc45-48a6-ace6-9aaab6a71290,생선
391db48a-fc45-48a6-ace6-9aaab6a71290,시장
67ac0176-3a92-4c5a-a8cc-1a6f3b67da91,음료
8d96f4ae-0bcb-4e3e-aa72-2c82202e8514,음료
8d96f4ae-0bcb-4e3e-aa72-2c82202e8514,양파
dc463652-9c00-422d-8cd9-b32df9a05d26,포도
dc463652-9c00-422d-8cd9-b32df9a05d26,음료
dc463652-9c00-422d-8cd9-b32df9a05d26,식혜
dfc41353-5a7a-4e69-81ae-34c9807239fc,음료
dfc41353-5a7a-4e69-81ae-34c9807239fc,커피
dfc41353-5a7a-4e69-81ae-34c9807239fc,식혜
7f0d540a-1842-4d22-a6fa-f10a224d7a9c,과일
34859d56-e4ef-4864-b424-9d7a4e1e6c39,귤
34859d56-e4ef-4864-b424-9d7a4e1e6c39,과일
34859d56-e4ef-4864-b424-9d7a4e1e6c39,시장
40606089-f333-43e1-9781-7be4a40e4dfe,귤
40606089-f333-43e1-9781-7be4a40e4dfe,과일
40606089-f333-43e1-9781-7be4a40e4dfe,사과
40606089-f333-43e1-9781-7be4a40e4dfe,시장
78530158-ceb9-4abb-a7a5-30ea76a7f62c,과일
78530158-ceb9-4abb-a7a5-30ea76a7f62c,사과
78530158-ceb9-4abb-a7a5-30ea76a7f62c,바구니
78530158-ceb9-4abb-a7a5-30ea76a7f62c,시장
0dfd3a4c-20cc-486a-9e3c-bae3f4b2d230,과일
0dfd3a4c-20cc-486a-9e3c-bae3f4b2d230,바구니
0dfd3a4c-20cc-486a-9e3c-bae3f4b2d230,시장
c95da31d-2f4c-4dfd-ac6c-37c5aecbfc2f,귤
c95da31d-2f4c-4dfd-ac6c-37c5aecbfc2f,바구니
c95da31d-2f4c-4dfd-ac6c-37c5aecbfc2f,과일
c95da31d-2f4c-4dfd-ac6c-37c5aecbfc2f,토마토
c95da31d-2f4c-4dfd-ac6c-37c5aecbfc2f,시장
f76ed5e7-c132-4c6b-a8fe-a5d5f2156e3f,강정
f76ed5e7-c132-4c6b-a8fe-a5d5f2156e3f,바구니
f76ed5e7-c132-4c6b-a8fe-a5d5f2156e3f,시장
9f55651c-d249-4181-a8ee-d6859e8e2d7c,강정
1f9a81d3-6363-40f4-90ce-65084babb1de,생강
86575220-46ef-40a4-a4e1-6c18c410d4af,분식
86575220-46ef-40a4-a4e1-6c18c410d4af,도너츠
86575220-46ef-40a4-a4e1-6c18c410d4af,붕어빵
86575220-46ef-40a4-a4e1-6c18c410d4af,빵
86575220-46ef-40a4-a4e1-6c18c410d4af,뻥튀기
182bbbee-9f6f-4448-a2b3-873705daaead,분식
182bbbee-9f6f-4448-a2b3-873705daaead,튀김
182bbbee-9f6f-4448-a2b3-873705daaead,핫도그
182bbbee-9f6f-4448-a2b3-873705daaead,붕어빵
182bbbee-9f6f-4448-a2b3-873705daaead,빵
182bbbee-9f6f-4448-a2b3-873705daaead,뻥튀기
182bbbee-9f6f-4448-a2b3-873705daaead,꼬치
40125e29-4aea-4eb1-a899-7d761fe5111e,붕어빵
40125e29-4aea-4eb1-a899-7d761fe5111e,의류
40125e29-4aea-4eb1-a899-7d761fe5111e,노점
40125e29-4aea-4eb1-a899-7d761fe5111e,핫도그
f2e848f9-f938-4005-9a86-94f53e019941,의류
f2e848f9-f938-4005-9a86-94f53e019941,노점
ca167739-e728-4734-859b-a5c390c2eb49,의류
14c790cf-c54c-4353-8663-548703b01a32,의류
eba89e2f-0df8-47fa-baec-25cd731895ae,의류
bcbcfa8a-f605-4a08-8d67-01117df57a09,의류
58116fee-51ae-4539-9794-6f481bcb01f0,수건
58116fee-51ae-4539-9794-6f481bcb01f0,장난감
58116fee-51ae-4539-9794-6f481bcb01f0,의류
d0cd7278-03fc-4d8d-9d86-4749d9aca475,장난감
d3db1af8-7d9d-49a2-af45-ec0100b20b04,장난감
53f70fc1-07ac-47ee-a383-e4b851c6477c,장신구
53f70fc1-07ac-47ee-a383-e4b851c6477c,장난감
53f70fc1-07ac-47ee-a383-e4b851c6477c,노점
f2d4a3e6-c412-4a9f-a27c-fe129f560438,고구마
f2d4a3e6-c412-4a9f-a27c-fe129f560438,노점
d3301bef-d4ea-4b10-9018-226ca960f4b3,도너츠
d3301bef-d4ea-4b10-9018-226ca960f4b3,노점
dd7fad62-3350-41ab-bb0d-cad0bd26296c,도너츠
dd7fad62-3350-41ab-bb0d-cad0bd26296c,핫도그
dd7fad62-3350-41ab-bb0d-cad0bd26296c,노점
dd7fad62-3350-41ab-bb0d-cad0bd26296c,시장
5b7691af-de03-4c95-a9b8-28db39a0e384,노점
5b7691af-de03-4c95-a9b8-28db39a0e384,꽈배기
5b7691af-de03-4c95-a9b8-28db39a0e384,신발
5b7691af-de03-4c95-a9b8-28db39a0e384,도너츠
5b7691af-de03-4c95-a9b8-28db39a0e384,빵
5b7691af-de03-4c95-a9b8-28db39a0e384,의류
5b7691af-de03-4c95-a9b8-28db39a0e384,장신구
5b7691af-de03-4c95-a9b8-28db39a0e384,시장
32eaaa68-6a6c-4324-97fa-7e0a87ab7975,바구니
32eaaa68-6a6c-4324-97fa-7e0a87ab7975,노점
32eaaa68-6a6c-4324-97fa-7e0a87ab7975,꽃
32eaaa68-6a6c-4324-97fa-7e0a87ab7975,신발
32eaaa68-6a6c-4324-97fa-7e0a87ab7975,붕어빵
32eaaa68-6a6c-4324-97fa-7e0a87ab7975,의류
32eaaa68-6a6c-4324-97fa-7e0a87ab7975,시장
2fe07864-4f60-4ec1-bae8-4b1bd0055458,바구니
2fe07864-4f60-4ec1-bae8-4b1bd0055458,채소
2fe07864-4f60-4ec1-bae8-4b1bd0055458,과일
2fe07864-4f60-4ec1-bae8-4b1bd0055458,신발
2fe07864-4f60-4ec1-bae8-4b1bd0055458,생선
2fe07864-4f60-4ec1-bae8-4b1bd0055458,의류
2fe07864-4f60-4ec1-bae8-4b1bd0055458,반찬
2fe07864-4f60-4ec1-bae8-4b1bd0055458,젓갈
2fe07864-4f60-4ec1-bae8-4b1bd0055458,시장
47b3b0cf-6035-4d83-9069-cee8984dc365,마늘
47b3b0cf-6035-4d83-9069-cee8984dc365,채소
47b3b0cf-6035-4d83-9069-cee8984dc365,시장
8cded9f6-c6c5-4647-9672-a78b78c0807d,마늘
8cded9f6-c6c5-4647-9672-a78b78c0807d,양파
8cded9f6-c6c5-4647-9672-a78b78c0807d,건어물
8cded9f6-c6c5-4647-9672-a78b78c0807d,시장
2fd5fd13-000e-41ca-9e50-6e780a975900,마늘
2fd5fd13-000e-41ca-9e50-6e780a975900,우동
2fd5fd13-000e-41ca-9e50-6e780a975900,노점
2fd5fd13-000e-41ca-9e50-6e780a975900,시장
1c0dacb7-33f4-471d-b9dd-d87a2aab2abd,꼬치
1c0dacb7-33f4-471d-b9dd-d87a2aab2abd,노점
1c0dacb7-33f4-471d-b9dd-d87a2aab2abd,옥수수
7dcbe686-7d7e-47e5-9976-47cc8a24ee38,채소
7dcbe686-7d7e-47e5-9976-47cc8a24ee38,한약재
7dcbe686-7d7e-47e5-9976-47cc8a24ee38,노점
2e0f3c37-6737-4f82-9537-70002d85decb,주방도구
2e0f3c37-6737-4f82-9537-70002d85decb,노점
2e0f3c37-6737-4f82-9537-70002d85decb,수제비
2e0f3c37-6737-4f82-9537-70002d85decb,칼국수
a90d17c5-08d2-4c07-b28b-0e9879928127,노점
a90d17c5-08d2-4c07-b28b-0e9879928127,튀김
a90d17c5-08d2-4c07-b28b-0e9879928127,주방도구
a90d17c5-08d2-4c07-b28b-0e9879928127,닭강정
a90d17c5-08d2-4c07-b28b-0e9879928127,치킨
a90d17c5-08d2-4c07-b28b-0e9879928127,좌석있음
a981f48a-62da-497f-9c6d-e13f411d70fb,튀김
b5e45d19-5134-4b30-889b-e688b5f7386a,폰케이스
c877b1ef-9054-428e-adaf-b025a696edb9,분식
c877b1ef-9054-428e-adaf-b025a696edb9,닭강정
04c67291-bf46-4c2a-ab53-ec0d2ce7e0c4,신발
fc6d61b6-37f7-420c-88e6-557faebb37cf,신발
d310e9b1-a864-40a8-b30e-9da7c3786c3a,신발
03e7a43d-6ff7-401b-b8d7-52765d0e2049,신발
66046413-17e2-44a3-9039-3d8b8ea90b4f,귤
66046413-17e2-44a3-9039-3d8b8ea90b4f,수박
66046413-17e2-44a3-9039-3d8b8ea90b4f,사과
66046413-17e2-44a3-9039-3d8b8ea90b4f,바나나
66046413-17e2-44a3-9039-3d8b8ea90b4f,과일
66046413-17e2-44a3-9039-3d8b8ea90b4f,포도
66046413-17e2-44a3-9039-3d8b8ea90b4f,배
66046413-17e2-44a3-9039-3d8b8ea90b4f,시장
d67752f0-ff30-4b34-94c6-c1f6a7d9a775,과일
d67752f0-ff30-4b34-94c6-c1f6a7d9a775,포도
d67752f0-ff30-4b34-94c6-c1f6a7d9a775,배
d67752f0-ff30-4b34-94c6-c1f6a7d9a775,과자
d67752f0-ff30-4b34-94c6-c1f6a7d9a775,시장
86bfcb33-9e1b-423e-a3c4-4d0cd42de2b8,포장
86bfcb33-9e1b-423e-a3c4-4d0cd42de2b8,장난감
86bfcb33-9e1b-423e-a3c4-4d0cd42de2b8,시장
03ff7b9f-80d7-4e38-b6c7-012bfd58b286,포장
03ff7b9f-80d7-4e38-b6c7-012bfd58b286,멸치
03ff7b9f-80d7-4e38-b6c7-012bfd58b286,시장
1895b30c-341d-4f8d-92a7-9258adae3435,포장
1895b30c-341d-4f8d-92a7-9258adae3435,생선
1895b30c-341d-4f8d-92a7-9258adae3435,젓갈
1895b30c-341d-4f8d-92a7-9258adae3435,건어물
5ac07413-0a4a-46cb-8a5b-944820165772,건어물
0fe3138d-4a14-49e9-99a5-b78aa40c3766,건어물
ca59ea4d-bffe-45b7-b597-72e9cc240aae,가래떡
ca59ea4d-bffe-45b7-b597-72e9cc240aae,건어물
ca59ea4d-bffe-45b7-b597-72e9cc240aae,건강식품
3133d3fc-5b46-4a5d-8863-e9715a56b925,건강식품
0394a172-796b-4b89-9d88-6aae546cfd9e,모자
e5615d64-03f9-4c71-ac29-e80a59cebb74,떡볶이
10ae0184-febf-4c9f-9e47-50314c7d73e5,떡볶이
057d7d18-fe81-4fea-ad66-3416c4bdcfe0,떡볶이
190f3ce9-63a4-4481-a6a0-f8a5a1aad2d2,침구류
a897e7fc-d04d-420c-bd6e-0b2135ae1704,침구류
ffca377b-04b9-4587-8df2-9d9c124931f5,김밥
f88d8bc1-32c5-4677-b36d-5456bd75e8bf,바구니
d63d7b5b-977d-401d-8d60-ab2d5ce98dca,아이스크림
c110f9dd-1ace-4909-bbba-b12ce6e88ff1,화장품
2e4fa3ee-c8c8-4363-8002-b7b6d6f1d27d,콩
2a01fe63-6b12-425e-b556-2d4c9e5cea2d,만두
25e1c489-912d-4ac5-bd08-0865452d3007,벨트
e9dbc57f-3b77-457c-8f8a-cad281507d0b,수건
