pic_no,picture_unique_id
0,8b28080f-d779-464f-80fe-786608f15f97
1,6cc6950e-2320-4f32-bafb-1e2759bb0a6d
2,4bf8b643-5644-4fd4-b1f9-5ad28c3a6563
3,03f2daff-cce9-4a0e-a578-6089a76eb062
4,4130118f-d411-4d1a-92a8-4b90a8511f63
5,9e34b68d-0af0-4b9f-981e-471e84ab7407
6,97ff896c-9366-4dea-aeb4-b96203f922ab
7,5ed98ee7-d3e4-4e60-a881-6e38662d6446
8,2c165209-0b84-4256-90cf-14177c23a94e
9,138ce191-4dc2-4bf9-9c6e-c6af7569b94d
10,0487cafe-41e0-4cc1-8ff7-aba5ea21a32a
11,08fa61ca-d61c-4483-8434-315f9b9d1fda
12,e5ada909-906d-491b-aafa-4541d0d05df3
13,f1fe866f-d6ec-4cca-b2e3-84d26e66669d
14,43fc6dbb-5571-48de-8412-e221c7da648d
15,ceaf6933-293f-4d53-a134-bf73a85df617
16,7b37059f-2459-4c88-a85b-6c0992cf422b
17,1030df34-a4ae-4437-96cd-711a1bd9e52b
18,255ee787-c7c2-4760-9215-92ca9e7fb946
19,d37fcf1e-f3ab-4605-84cd-6c600e8e1a09
20,0f604c26-6cd7-43fd-8423-68cf961823ba
21,c891bea6-561d-40f0-8201-c74ea64a035d
22,83eae8c8-ee99-4516-be90-8c25c6928f93
23,43bbcb5c-f674-4beb-8c2e-a8bd2c4ea189
24,68e33858-2f5b-4c2b-93cd-a10fd19ecc04
25,6695f5f5-2da9-4d85-9771-f578d6f5abf7
26,d17d7620-a8dc-413a-8337-fcf02932d472
27,a3014fbc-e885-43a1-aba6-db7ca9cd06cf
28,f3a4ecd7-a7dd-4a52-9f1c-18ebb7f69e95
29,5d325107-b048-4f28-be9f-047e11878cbb
30,5c88f02b-7871-4236-af87-88c11807fd36
31,3c5c1062-e37f-4bf3-ae61-a525271cbc46
32,05923b6d-13ec-457c-b69a-16d6433f3ff8
33,7e844e65-3842-4c51-980e-ac96bb7594d1
34,fc1cdde8-951d-448a-bda9-c3058397d43a
35,7399f6ee-9a3e-40e8-926b-6f5d084eb200
36,36a3385c-b7fc-4ad1-826b-d931bfac08f3
37,ae6cd111-4626-41dd-ae39-269a9a09c870
38,8fb3b7ad-fa5a-4dcc-a218-0390ebb6379c
39,b19d55c8-f53a-4814-8610-223ae141bfff
40,77f4dc67-66e6-440f-8111-b3133280e119
41,08de88b6-3c82-4baf-9e4d-aaa54290dccd
42,8f70ecf0-9ec5-47cf-a95f-7b480bb71167
43,a139c0e4-1449-450c-8c3b-b6cbfdecb4ce
44,54fe063b-a854-402b-8254-da4b830f68d2
45,0363817b-da1e-4806-9dde-4df6b58f0d14
46,69500ee9-97c8-4cdb-8f67-55c42513f027
47,f68591fb-4964-4271-a55b-8040c17c1095
48,07eba21b-428d-4251-8c10-d93c2edcbf69
49,54f17b40-980f-4554-9863-218913d2a2de
50,1675cd3d-0ce1-44d0-9801-f6875f79739b
51,6d4e5251-58c5-4896-a92c-598a64434bc7
52,6fcdcf29-5090-4847-8923-826a51dca88a
53,5c66309c-7cef-4951-a057-01a80e3cf308
54,e85e42a4-2b12-4a3e-bb49-c094e2e6543a
55,61867ded-4746-4611-bac9-22f4190eff68
56,6db24257-274b-4623-a595-b65fee53c486
57,bc6103a6-efac-4160-a95f-713489f58771
58,44f161c0-b592-42ac-a188-90a1e759604d
59,1c9e446c-9e8f-494d-9b0b-27020c36f3d4
60,9df25126-fa6b-468f-bef3-3543f6bbb2eb
61,2a8a74f4-6379-4f54-9f1f-c90468a56512
62,d5aee928-9377-416c-81e4-f0cd2ade37ca
63,31eab54a-f43a-4217-a784-3ec97d200774
64,3a1a9790-1055-472f-a069-a412572abc43
65,b27f9f5b-182e-4abf-9555-41e0e023d192
66,fcf07140-dea7-4c6d-a1ba-3d2cc5ce7c3b
67,d276dd72-a574-48e2-9456-a07529cf5044
68,18cdfd90-878b-4c29-b2b4-48448dc0b027
69,49924eca-4046-47f8-82eb-a7b04eb807ef
70,db928716-7bf6-46dc-ab6f-5926f68a8e12
71,bf51890b-5711-4156-bc63-b214f9688371
72,f02f6f48-765d-4cc3-aaae-60ddf103de98
73,d0b3ac6b-7f38-4058-91cc-5e1c78a63583
74,bf0c3e5e-8b77-4cbd-a093-2d7da8acf158
75,ed6ec040-ae86-46a8-81d7-b4a7cce1cc13
76,51f7d746-1797-466c-bb4d-86aa089a8b23
77,07695a62-5d53-47f1-bd27-e6073a41be3a
78,1f07ce3f-9b65-4b7f-84ee-ea2d4d62e86f
79,b7527b2f-1726-4075-936a-f63737f74357
80,141a4bbd-7c24-4bcb-bcad-be7da8d2aa77
81,16862169-de00-4c4f-9952-8f1787bc92fb
82,d49e4700-f357-47b7-8f03-a719d5083b62
83,b6e068b6-c645-41a1-971f-9e766173247c
84,52993e29-44a0-4076-810e-bcef20aa95f0
85,49242a43-1eb3-427d-8580-384e7e4726bf
86,8419bf8e-a31f-4bf9-a1ab-bbff92c86ce8
87,80a17968-2b67-412e-97d4-39385d8ede07
88,31d24621-d43a-4d17-90f5-93610ab1958c
89,ede7e165-1fd3-4fa1-aeef-98c5a7a37c3c
90,9bf82b0d-c1c6-468a-b33d-638e15edb446
91,6049b275-58bf-4a63-9394-10705ec02e09
92,749a2993-7cd3-4ad9-84b1-88d50a07aaf2
93,254e689e-05c2-4652-8b67-98070d2decbb
94,c56a4c8a-326a-4afc-bd19-ef309feca4a4
95,030d9abb-187c-4e09-9115-94954c22681b
96,df445bf8-4160-4389-8272-3d16b6c5a6f8
97,0b8c0f0f-dfa0-4e95-841e-cfc19b01eed8
98,2734c91a-fdd9-432d-aaa6-beb8979fc5e3
99,ef9a2cef-1bff-42fc-88a0-c2778aadb2d6
100,8e8651b5-ad5a-4d4a-81f2-07713ada7d17
101,15830f85-fb14-4ca8-815b-514e83a87632
102,e3efd5cf-48b8-44a4-a178-57b2eff8c369
103,66ba8737-0c93-4206-b24c-30833ed77dc9
104,2275220f-3246-404d-823c-ef5b140fff21
105,dc7ab853-31af-41d5-9aab-bcd69358f1e5
106,d75510b3-a23b-4567-b977-e8f26348f3fd
107,0021bb37-2ff3-4bc0-9f02-ab0f30dd5d60
108,16fb274d-7e08-4703-9ae4-871d13d0d02e
109,9c4d2a5b-f9b8-4440-868c-d41a581e5373
110,b52488cd-0892-4d68-a0c6-d0311c423069
111,3d08cf6c-bff3-4586-9a67-832952eb1afc
112,a0e31e0c-b32d-477c-afe3-4148aba0acf1
113,381e6605-798c-4bb6-a708-4ec4148e7a0b
114,ada7845c-2de4-4094-9085-e01217c8a0a6
115,7624505a-55e0-4acd-ada0-ed14c46c8480
116,a2be74fd-cffe-46d2-b239-bce81f91e68d
117,03c641b7-ad61-429e-9ad8-2f56ad95885a
118,f2a31883-0cb9-44e3-84c2-76e4096b1769
119,87242a56-de7c-45f9-bf35-cd7d8259b690
120,c14781d3-1799-4b0f-badf-67654ccbcff7
121,5a00209f-47ac-422e-9aa1-100ab8738111
122,e4f46f78-e5dc-4268-9f8e-6afde7ba10bc
123,535558fa-1b65-4aa7-83b0-68cec25c2a8d
124,fc52d629-cc57-4bda-b942-67dcf0a363ae
125,f40a7bc4-c91e-42a7-a9e0-e0382d5bbf78
126,6fcda3b5-c6b6-416d-af83-548e984efc30
127,473fbde2-a540-41a1-9d32-62b21130332e
128,81180a03-86de-4cd6-8979-9697916a3f82
129,77971ecc-d54b-4f15-9129-0202da22d197
130,60c49501-0b49-4e85-a274-6ee527c4a49c
131,ea8e7f8a-f53d-4d82-a917-628afb7c1b30
132,6edafe97-a510-4617-a55b-d28f4185dabd
133,8f7cbc56-4378-41e7-8fdd-d0a5b3ed547a
134,79ba0b36-f07c-4eb1-b4db-a6c56c700208
135,7d5e67ef-9ef2-45d0-bd51-413141a9109c
136,757f6548-dc6e-4fc3-8112-91306906ff24
137,344281f8-7d29-4cbb-a741-12e8dec6e0db
138,5772b88a-a5f6-4b0b-b7e4-2fd527b6f15d
139,49a4de2d-3027-430d-bd87-97a625433811
140,68c1e3df-8659-4216-ac5f-95f83e8c199d
141,a30b7e3f-34c5-4e4e-a785-7c9686fa65a0
142,d5bb874f-5b7b-4729-9cd3-1939ed2d2085
143,c971e612-0667-4fbf-ad2c-13a2e0cb3ccb
144,6184836a-a3e0-4867-833d-94f793bb18d5
145,89a759ad-6c21-4a3a-94ba-4b0718e33b32
146,c6732909-40f0-45aa-a695-8a21894915d1
147,22f50a22-cf59-4bba-8ca3-dd9b907c1952
148,a068c682-9cc7-46af-a1b3-47bffe9732df
149,5cf62e49-4e91-4017-abf3-2ac4cde91958
150,13a07cd0-5b60-469e-84e6-2f255b5cca30
151,93e02e0c-c1dc-42fa-bc06-db565772009b
152,a1e7c24c-9928-4fc5-8a42-9134c56dc0d8
153,6012937d-0a6c-45e0-a226-c6d53a31d832
154,8693ad6a-3391-452a-8ec6-b602ab4865bb
155,470cf06e-6220-4169-a479-cdee630cc7d0
156,bdd0db64-8137-4537-ab6d-f279dd0ffd45
157,ad7dcc60-de54-4a69-9155-3f6ba69db838
158,90600fa6-d138-4a10-ad50-693ccec5093c
159,6d4a0906-f67b-46c3-a7ca-fd1261a5216f
160,34625d48-f937-4307-8d3e-3a68d4e96a0f
161,033ebc04-7a9f-43e2-ac21-c0bf48f041f1
162,76125d6e-8b34-4d21-abe6-02fd5fdc4277
163,8958880e-65e9-4fd5-b3c9-5acc528f8b09
164,d0ffa774-0e66-4413-90a4-480cb9bc634f
165,15634d00-1958-474f-a700-b743ac1b96d5
166,0c43eec2-be05-4716-85b5-818357f6a1bc
167,a60c9aae-9a8f-4e20-aea0-474a11f52a36
168,0279f5b9-57ef-458d-9a5b-352c02c3eac6
169,597bc6e7-fb7c-4f09-89b0-26ab1de66622
170,ff4caa82-3fc4-40b4-8868-4de6e1b28c8b
171,a8e08521-3b3a-4331-8277-239da6870514
172,f17aa7fa-734e-4dc8-a3fb-ca8833f3b925
173,3ec9abe9-8cc7-45d1-9614-298d94dd9ee6
174,d29d2126-093e-49bd-8a85-0dfd52bb547f
175,8aa131bf-2431-463e-a085-f936bf365928
176,7cf4070d-0903-4148-b10c-cd5722ab97ca
177,067228ee-4ecf-4c7a-9b86-7fe7a076b28b
178,ea58a143-24d7-436d-8179-1af47364c3f9
179,4e016ab6-0896-49ce-b5d7-252a3b721478
180,e65c55f9-fa06-4b3f-8e28-f843c4a340fd
181,f2e10dbe-e814-4b90-8217-ba4b57693782
182,f645e9ee-387d-417b-9f77-6aa90db44c4c
183,cf62f595-917f-4b02-a09f-d914b531177c
184,d144f9ce-05c0-45c8-9a8f-73ed724dbc26
185,391db48a-fc45-48a6-ace6-9aaab6a71290
186,67ac0176-3a92-4c5a-a8cc-1a6f3b67da91
187,8d96f4ae-0bcb-4e3e-aa72-2c82202e8514
188,dc463652-9c00-422d-8cd9-b32df9a05d26
189,dfc41353-5a7a-4e69-81ae-34c9807239fc
190,7f0d540a-1842-4d22-a6fa-f10a224d7a9c
191,34859d56-e4ef-4864-b424-9d7a4e1e6c39
192,40606089-f333-43e1-9781-7be4a40e4dfe
193,78530158-ceb9-4abb-a7a5-30ea76a7f62c
194,0dfd3a4c-20cc-486a-9e3c-bae3f4b2d230
195,c95da31d-2f4c-4dfd-ac6c-37c5aecbfc2f
196,f76ed5e7-c132-4c6b-a8fe-a5d5f2156e3f
197,9f55651c-d249-4181-a8ee-d6859e8e2d7c
198,1f9a81d3-6363-40f4-90ce-65084babb1de
199,86575220-46ef-40a4-a4e1-6c18c410d4af
200,182bbbee-9f6f-4448-a2b3-873705daaead
201,40125e29-4aea-4eb1-a899-7d761fe5111e
202,f2e848f9-f938-4005-9a86-94f53e019941
203,ca167739-e728-4734-859b-a5c390c2eb49
204,14c790cf-c54c-4353-8663-548703b01a32
205,eba89e2f-0df8-47fa-baec-25cd731895ae
206,bcbcfa8a-f605-4a08-8d67-01117df57a09
207,58116fee-51ae-4539-9794-6f481bcb01f0
208,d0cd7278-03fc-4d8d-9d86-4749d9aca475
209,d3db1af8-7d9d-49a2-af45-ec0100b20b04
210,53f70fc1-07ac-47ee-a383-e4b851c6477c
211,f2d4a3e6-c412-4a9f-a27c-fe129f560438
212,d3301bef-d4ea-4b10-9018-226ca960f4b3
213,dd7fad62-3350-41ab-bb0d-cad0bd26296c
214,5b7691af-de03-4c95-a9b8-28db39a0e384
215,32eaaa68-6a6c-4324-97fa-7e0a87ab7975
216,2fe07864-4f60-4ec1-bae8-4b1bd0055458
217,47b3b0cf-6035-4d83-9069-cee8984dc365
218,8cded9f6-c6c5-4647-9672-a78b78c0807d
219,2fd5fd13-000e-41ca-9e50-6e780a975900
220,1c0dacb7-33f4-471d-b9dd-d87a2aab2abd
221,7dcbe686-7d7e-47e5-9976-47cc8a24ee38
222,2e0f3c37-6737-4f82-9537-70002d85decb
223,a90d17c5-08d2-4c07-b28b-0e9879928127
224,a981f48a-62da-497f-9c6d-e13f411d70fb
225,b5e45d19-5134-4b30-889b-e688b5f7386a
226,c877b1ef-9054-428e-adaf-b025a696edb9
227,04c67291-bf46-4c2a-ab53-ec0d2ce7e0c4
228,fc6d61b6-37f7-420c-88e6-557faebb37cf
229,d310e9b1-a864-40a8-b30e-9da7c3786c3a
230,03e7a43d-6ff7-401b-b8d7-52765d0e2049
231,66046413-17e2-44a3-9039-3d8b8ea90b4f
232,d67752f0-ff30-4b34-94c6-c1f6a7d9a775
233,86bfcb33-9e1b-423e-a3c4-4d0cd42de2b8
234,03ff7b9f-80d7-4e38-b6c7-012bfd58b286
235,1895b30c-341d-4f8d-92a7-9258adae3435
236,5ac07413-0a4a-46cb-8a5b-944820165772
237,0fe3138d-4a14-49e9-99a5-b78aa40c3766
238,ca59ea4d-bffe-45b7-b597-72e9cc240aae
239,3133d3fc-5b46-4a5d-8863-e9715a56b925
240,0394a172-796b-4b89-9d88-6aae546cfd9e
241,e5615d64-03f9-4c71-ac29-e80a59cebb74
242,10ae0184-febf-4c9f-9e47-50314c7d73e5
243,057d7d18-fe81-4fea-ad66-3416c4bdcfe0
244,46d3a92e-856e-4b2c-b4e4-8727fa578bce
245,d4f40348-bad7-423d-9ff9-fb0305b469dd
246,3b33d2c5-134d-4a62-8822-c31630d8bfd8
247,97aaf392-88e8-40b1-a9fd-f9943068dd78
248,190f3ce9-63a4-4481-a6a0-f8a5a1aad2d2
249,a897e7fc-d04d-420c-bd6e-0b2135ae1704
250,ffca377b-04b9-4587-8df2-9d9c124931f5
251,f88d8bc1-32c5-4677-b36d-5456bd75e8bf
252,d63d7b5b-977d-401d-8d60-ab2d5ce98dca
253,c110f9dd-1ace-4909-bbba-b12ce6e88ff1
254,2e4fa3ee-c8c8-4363-8002-b7b6d6f1d27d
255,2a01fe63-6b12-425e-b556-2d4c9e5cea2d
256,25e1c489-912d-4ac5-bd08-0865452d3007
257,e9dbc57f-3b77-457c-8f8a-cad281507d0b
