unique_id,created_date,image_id,metadata_id
8b28080f-d779-464f-80fe-786608f15f97,2026-05-08 00:59:18,76ffa3d1-73b3-431c-9c39-c43a4cdc91ac,b1d1cc22-97fe-4a36-bde7-4b14ce73b8c0
6cc6950e-2320-4f32-bafb-1e2759bb0a6d,2026-05-08 00:59:18,db89ddde-6c2f-4b53-9617-0280786ec27e,edfa21b4-8441-4dcc-96a6-c2005a1655a9
4bf8b643-5644-4fd4-b1f9-5ad28c3a6563,2026-05-08 00:59:18,983d5a71-537f-4bca-8910-5d5f4b8ca8b3,b95a59b9-1dc4-41af-97ec-b90be5bdd4c4
03f2daff-cce9-4a0e-a578-6089a76eb062,2026-05-08 00:59:18,20c82f06-491d-4eac-bb29-81d75a63f1a3,73aa4214-6ee2-40a4-8ee8-331224c61da3
4130118f-d411-4d1a-92a8-4b90a8511f63,2026-05-08 00:59:18,f4469c13-d696-45a5-80df-1773d4c1f587,5602c965-873c-461c-9039-6159e5d31b34
9e34b68d-0af0-4b9f-981e-471e84ab7407,2026-05-08 00:59:18,b75c2692-d2e4-40ab-a085-61d932d6bb5e,6549a5e0-c19f-4cca-99b8-7e2b62cfe9b2
97ff896c-9366-4dea-aeb4-b96203f922ab,2026-05-08 00:59:18,51e66caf-6580-444d-b9a2-01c25fec1e5d,e654cc48-0450-4adf-9c40-70523f8910bc
5ed98ee7-d3e4-4e60-a881-6e38662d6446,2026-05-08 00:59:18,e9a4544c-f60b-4ec7-a539-b133d9640ad1,ab1a7a59-a91a-40b8-af35-d4e2306f4169
2c165209-0b84-4256-90cf-14177c23a94e,2026-05-08 00:59:18,bc4269ab-ea4c-4575-9983-79272bbabae2,f703be99-4c03-413d-aab4-8712a2e893fb
138ce191-4dc2-4bf9-9c6e-c6af7569b94d,2026-05-08 00:59:18,a288ae67-24fa-44a7-9fb5-f74eabc33cc3,c2515db4-671b-420d-a227-8729bed17b83
0487cafe-41e0-4cc1-8ff7-aba5ea21a32a,2026-05-08 00:59:18,c467ca0b-2211-47e3-abec-909dc9f08655,01e06fe3-023f-4a53-a425-266cdce56dcf
08fa61ca-d61c-4483-8434-315f9b9d1fda,2026-05-08 00:59:18,16cc1342-6856-417b-8455-dbc59b70be53,124b221c-953e-438d-9ca9-d0fe270dad07
e5ada909-906d-491b-aafa-4541d0d05df3,2026-05-08 00:59:18,556e3ffd-1416-400d-a8f5-038d97cb4e02,e9c9654d-489c-4426-a0c7-ef40a5d2a94b
f1fe866f-d6ec-4cca-b2e3-84d26e66669d,2026-05-08 00:59:18,1c3d52c4-5541-46b8-bedc-8da12b3eb401,efda41e6-8f6a-4713-96b7-01a454f031ac
43fc6dbb-5571-48de-8412-e221c7da648d,2026-05-08 00:59:18,14aa024b-1e8b-411f-914e-d0bed9c508db,ae19f315-696a-4deb-927e-d90c298ee22a
ceaf6933-293f-4d53-a134-bf73a85df617,2026-05-08 00:59:18,b95ddd3b-2b5e-41fc-9c21-a69baa3e020e,555daa5c-63e5-4a09-bf4c-3304ff38de2f
7b37059f-2459-4c88-a85b-6c0992cf422b,2026-05-08 00:59:18,d864b96f-206a-45ed-ac67-2c5e6ec719e0,f2509d1c-e43f-4903-b83e-d4aed1fe29be
1030df34-a4ae-4437-96cd-711a1bd9e52b,2026-05-08 00:59:18,e89f62ec-5106-4802-8d45-253e971f4bc0,77bd6d70-c152-4229-b0d7-e1596a125cd7
255ee787-c7c2-4760-9215-92ca9e7fb946,2026-05-08 00:59:18,1f104373-5172-4f97-8986-d1427ab67d50,146a99e6-955b-49a6-bd62-a96a4dc7cc8e
d37fcf1e-f3ab-4605-84cd-6c600e8e1a09,2026-05-08 00:59:18,ba797dca-6f48-4e23-accc-7e360eaef973,a5ab8510-2429-4ac9-b6fd-e6b943b2230b
0f604c26-6cd7-43fd-8423-68cf961823ba,2026-05-08 00:59:18,25282461-ecc3-416b-9620-26d3ea976193,db2431d0-5c58-4941-9126-17f6826b8227
c891bea6-561d-40f0-8201-c74ea64a035d,2026-05-08 00:59:18,e7894afb-b397-44f9-b971-2f0db61defda,40d4a7a0-5172-47f7-87d5-63d71a39b369
83eae8c8-ee99-4516-be90-8c25c6928f93,2026-05-08 00:59:18,16e4fced-7fd1-4c7b-9743-1c1b7ffa5f13,167fe86c-a2a7-4bcd-991f-2d6a744690f9
43bbcb5c-f674-4beb-8c2e-a8bd2c4ea189,2026-05-08 00:59:18,fb0c6e3d-6c0f-463b-8aee-1d9020fd0da3,78c4beca-ca8d-439c-9e46-45b18e00ef73
68e33858-2f5b-4c2b-93cd-a10fd19ecc04,2026-05-08 00:59:18,bf22ee65-019c-44a0-a402-9fa5275d8c66,1b365455-8c89-4477-81ac-55445452c320
6695f5f5-2da9-4d85-9771-f578d6f5abf7,2026-05-08 00:59:18,abd429ed-dbc5-4b2c-b5aa-a4dd26ba8189,6ab57abf-2a45-4627-a879-48adc13e9d76
d17d7620-a8dc-413a-8337-fcf02932d472,2026-05-08 00:59:18,051cf45e-55bc-4d91-8224-1be9f6967ebf,76d14c3c-1072-4132-a241-32a29ea79f70
a3014fbc-e885-43a1-aba6-db7ca9cd06cf,2026-05-08 00:59:18,6e91c95a-7ed4-4c4f-9281-4a95adeb8e1e,dc85975d-2b90-4c00-9508-fb0ca25591f1
f3a4ecd7-a7dd-4a52-9f1c-18ebb7f69e95,2026-05-08 00:59:18,1db64057-97c9-4dd7-959a-196342d58104,0eda0847-5679-4fc7-befa-cebf940dd09b
5d325107-b048-4f28-be9f-047e11878cbb,2026-05-08 00:59:18,e0f3b35e-9cb0-41fc-9e34-92bc75f09307,8de7d981-0f40-42e9-ade5-b0631ba7e8e7
5c88f02b-7871-4236-af87-88c11807fd36,2026-05-08 00:59:18,c12a1253-ceac-4aec-b633-4f88113db229,46831b51-a8d5-4e46-85d8-1bbf653e58d7
3c5c1062-e37f-4bf3-ae61-a525271cbc46,2026-05-08 00:59:18,bb9e50b1-3322-4467-987a-ccff0b5630c5,80e59c1e-b143-4b8a-b30c-001e35faa9c1
05923b6d-13ec-457c-b69a-16d6433f3ff8,2026-05-08 00:59:18,776bf60f-f9af-4b99-b400-6b6fd1ce2dd3,4b1f514a-0041-4bea-a4d5-40de63dcc2ec
7e844e65-3842-4c51-980e-ac96bb7594d1,2026-05-08 00:59:18,b3b73f21-5e8f-44cb-a060-310be19ebb23,0ac0b2e5-7d1a-4a06-aa33-8587bf7cfa69
fc1cdde8-951d-448a-bda9-c3058397d43a,2026-05-08 00:59:18,e9fafe5a-ec17-42c3-b249-6e61b864ccfc,5855e971-baa0-4dd5-9f33-a6975ec80f9b
7399f6ee-9a3e-40e8-926b-6f5d084eb200,2026-05-08 00:59:18,fa6ea507-e3ed-4bc3-931f-d70e0f477182,4e47fab3-748e-417b-ab64-7d8c26d4383c
36a3385c-b7fc-4ad1-826b-d931bfac08f3,2026-05-08 00:59:18,ed1b169a-e45c-4bd0-8626-10ff23de71c0,57295655-8fc5-4778-85aa-86bf4d2c177e
ae6cd111-4626-41dd-ae39-269a9a09c870,2026-05-08 00:59:18,d1bea38b-129a-4a79-b490-77579273a924,1516a612-7190-4eba-bdfc-a035d916a014
8fb3b7ad-fa5a-4dcc-a218-0390ebb6379c,2026-05-08 00:59:18,eb792549-d4bd-4a60-90d8-eda9ed84a705,06c9bc9c-e14a-408e-b546-d123a41b65d8
b19d55c8-f53a-4814-8610-223ae141bfff,2026-05-08 00:59:18,e951241e-2051-44a6-ac3e-c28c41901af2,264e6bc0-1946-4919-bd78-f7a935e3e751
77f4dc67-66e6-440f-8111-b3133280e119,2026-05-08 00:59:18,f4e07156-cfc2-41f9-9d5a-e89bdd024e38,0bf01c2f-4509-4e02-bc96-33cc1f323996
08de88b6-3c82-4baf-9e4d-aaa54290dccd,2026-05-08 00:59:18,503d09a8-398e-4d9a-baeb-09ea1f70ad8c,c4e32795-26a6-47be-9e92-209fa6c080ab
8f70ecf0-9ec5-47cf-a95f-7b480bb71167,2026-05-08 00:59:18,a2c38bd5-237c-4857-83a9-daf6d0ddfd0d,5f3f475f-64b4-4a44-9f55-1a042a94d65a
a139c0e4-1449-450c-8c3b-b6cbfdecb4ce,2026-05-08 00:59:18,cbe51a54-dc84-4c45-8c05-40544dd7b05b,c51f7708-b90c-4f62-b1c7-461e92381b94
54fe063b-a854-402b-8254-da4b830f68d2,2026-05-08 00:59:18,5ff744d4-156a-4c7e-abe2-6394a59126a6,c4c9731c-6afa-40da-9edb-b1cd767d745c
0363817b-da1e-4806-9dde-4df6b58f0d14,2026-05-08 00:59:18,cd519d49-d9bd-4fbf-8c9b-73d7593df7bc,fcee3728-2a27-4603-9f94-da5a03a095dc
69500ee9-97c8-4cdb-8f67-55c42513f027,2026-05-08 00:59:18,4070e301-ec6d-4eb7-98b8-483520ad2a8d,011d88b3-b4fd-4877-a4b2-42723c7f2f42
f68591fb-4964-4271-a55b-8040c17c1095,2026-05-08 00:59:18,e5993698-45ad-4451-8817-5fc577c47082,f20595be-5d23-4c86-82b4-12e415ef39db
07eba21b-428d-4251-8c10-d93c2edcbf69,2026-05-08 00:59:18,e6af3454-8cc5-4d1c-883d-fad275b6d989,a6091daf-4817-4580-918c-af89d942e141
54f17b40-980f-4554-9863-218913d2a2de,2026-05-08 00:59:18,ef920b27-7db7-48e3-8c8a-e3ce0c46cebe,fe7bfe9a-533a-4078-aab8-1a4b092931d5
1675cd3d-0ce1-44d0-9801-f6875f79739b,2026-05-08 00:59:18,cb0ed0c4-0197-4186-ac28-4fe3b6b775f6,80388a57-12e9-42d7-9606-0a42eef47d9b
6d4e5251-58c5-4896-a92c-598a64434bc7,2026-05-08 00:59:18,ba261029-089c-4832-b374-8458c31c344c,9c814d3e-40eb-4ec5-8559-f245d7f12e83
6fcdcf29-5090-4847-8923-826a51dca88a,2026-05-08 00:59:18,b8d5b1d3-331e-4c0b-9fa5-1e0978389b6d,cf049b05-e87d-4656-829a-4c59df94941b
5c66309c-7cef-4951-a057-01a80e3cf308,2026-05-08 00:59:18,12da1525-fb48-484b-971f-e0da3191c474,16a3cb3f-f9d3-4e2f-863d-00d543b7364d
e85e42a4-2b12-4a3e-bb49-c094e2e6543a,2026-05-08 00:59:18,bf170f88-d480-47d8-b9c3-494bfd1b4d00,a823fa95-3157-429e-8e57-620df1251517
61867ded-4746-4611-bac9-22f4190eff68,2026-05-08 00:59:18,3b655629-09d1-40c2-9ecf-d0aed1e61f3d,1979a38a-d6a7-4ff9-9042-46d7f95ae01b
6db24257-274b-4623-a595-b65fee53c486,2026-05-08 00:59:18,9ebab84e-8b0b-465a-933d-67d4aa5f1dd9,be967928-5bad-4b9a-bf67-f5c45e180e1e
bc6103a6-efac-4160-a95f-713489f58771,2026-05-08 00:59:18,0f810a2e-8fca-425a-bc35-af4ae616a26d,fd3933bd-04d8-48a0-af9f-cb3e102618d6
44f161c0-b592-42ac-a188-90a1e759604d,2026-05-08 00:59:18,249f8e20-9117-4622-b12b-af5bf1d22e84,d541ac02-6ee1-4104-8ac3-c6c93e8ba3a5
1c9e446c-9e8f-494d-9b0b-27020c36f3d4,2026-05-08 00:59:18,d40d74c7-c957-44e4-b7c6-367233277b64,2f0669a5-c635-4f2f-9133-ba4c9157730f
9df25126-fa6b-468f-bef3-3543f6bbb2eb,2026-05-08 00:59:18,462fcf9e-97bb-4588-b6f5-ff2abe9d4bc4,3f524544-c45f-4f27-b39c-07988550c324
2a8a74f4-6379-4f54-9f1f-c90468a56512,2026-05-08 00:59:18,770a551b-e159-4f52-8307-27ffc27eadcf,e9146086-f403-45b1-b626-5a783afb9e7d
d5aee928-9377-416c-81e4-f0cd2ade37ca,2026-05-08 00:59:18,4d20707f-abe5-4d8e-b1b3-4b45e8010a07,be035373-aaaa-44c3-8ab8-30818a516325
31eab54a-f43a-4217-a784-3ec97d200774,2026-05-08 00:59:18,1c8a0e40-feae-4e03-aac0-0913fb3a959b,cefb75d0-e6f8-4072-8a65-4204e96c8bf6
3a1a9790-1055-472f-a069-a412572abc43,2026-05-08 00:59:18,e9e8cff5-6d06-498c-a97b-99fa2a1f5833,a9f3be26-1dfa-4f97-892a-35b121c539ea
b27f9f5b-182e-4abf-9555-41e0e023d192,2026-05-08 00:59:18,0f903ce3-080a-4348-ba7c-c507380b560c,56a69517-50be-49cd-bea9-53dce5606c9a
fcf07140-dea7-4c6d-a1ba-3d2cc5ce7c3b,2026-05-08 00:59:18,8d2eda42-024e-46bb-84cb-5b214940e898,17fb39b5-cd57-4bdb-b678-b54e46e04e6b
d276dd72-a574-48e2-9456-a07529cf5044,2026-05-08 00:59:18,b0b7d4e2-c6fe-4b66-95be-c57530d7ce21,addc051f-cbea-4427-a093-7a6809592fa8
18cdfd90-878b-4c29-b2b4-48448dc0b027,2026-05-08 00:59:18,d3b13f23-2abf-449a-8312-34f9578677c9,dad52f96-2833-4549-a394-9dc43b4630c6
49924eca-4046-47f8-82eb-a7b04eb807ef,2026-05-08 00:59:18,8bfb5d74-19ba-4bce-a067-1e0b3952fa6b,2fcfc254-8ad8-4e80-a976-673aa34862b7
db928716-7bf6-46dc-ab6f-5926f68a8e12,2026-05-08 00:59:18,425b7e02-9a59-4cb0-835f-cc6e30931b03,e857eb23-7552-4299-9a32-f6b3b9c1a482
bf51890b-5711-4156-bc63-b214f9688371,2026-05-08 00:59:18,b3edef89-9761-49b9-9852-b16bb97c2eb4,70a2e544-c175-43cd-828c-afa4d1deb089
f02f6f48-765d-4cc3-aaae-60ddf103de98,2026-05-08 00:59:18,fe0fd70e-f4c7-4542-b8e4-9ee9907429e5,c2a282e6-5608-4192-bda1-daeb596b7d48
d0b3ac6b-7f38-4058-91cc-5e1c78a63583,2026-05-08 00:59:18,db596192-6a2e-452b-9aec-b1580661da47,f92ec3ac-d4e2-47e0-97f4-9daf25e4d031
bf0c3e5e-8b77-4cbd-a093-2d7da8acf158,2026-05-08 00:59:18,ed7d00d2-8a27-40d1-8403-503a45e67722,a17c2930-6db5-423c-a479-649fbc53fb65
ed6ec040-ae86-46a8-81d7-b4a7cce1cc13,2026-05-08 00:59:18,f641f135-8a71-46ba-95f2-aa0b3d4b77f7,f1fa78d1-87a1-474e-b20d-20ab843b350b
51f7d746-1797-466c-bb4d-86aa089a8b23,2026-05-08 00:59:18,b7739603-13f8-4861-ba87-730adafcd849,73af105e-fd0d-4e3b-ba02-a649c6b3aaf6
07695a62-5d53-47f1-bd27-e6073a41be3a,2026-05-08 00:59:18,c131ace6-e150-4c67-9d22-98acec5cd8ec,2af38794-87bc-4edf-a6f2-22f9da038816
1f07ce3f-9b65-4b7f-84ee-ea2d4d62e86f,2026-05-08 00:59:18,f75e830c-f358-4ff2-be0f-0bd1d6f9ebbf,d8f38623-bf14-4fe1-9dab-c428c37741e4
b7527b2f-1726-4075-936a-f63737f74357,2026-05-08 00:59:18,381eb84b-d20f-4eaf-abb7-d794e7199e06,9be9ba79-7cc6-45e9-82b0-74c4fa6fa6a4
141a4bbd-7c24-4bcb-bcad-be7da8d2aa77,2026-05-08 00:59:18,71bb21c0-26c9-4d76-b9c6-e67ac867d315,08dfff50-4a9c-41d3-8c87-3aadd90cfe11
16862169-de00-4c4f-9952-8f1787bc92fb,2026-05-08 00:59:18,e89730f3-08ea-4cea-b16f-c3caa21604ff,ae5a95d3-0143-46a6-a02b-d6c45d5cd66b
d49e4700-f357-47b7-8f03-a719d5083b62,2026-05-08 00:59:18,f2248d0e-6741-4f59-a080-6fc59479c600,fd17ec70-94cb-4fbf-9adf-550ce0c7282c
b6e068b6-c645-41a1-971f-9e766173247c,2026-05-08 00:59:18,0dfe818d-6589-4df7-bb6c-1c57cf83ea7f,d9093ece-0ac0-4901-b829-cc50316aab9f
52993e29-44a0-4076-810e-bcef20aa95f0,2026-05-08 00:59:18,492b50a2-ab87-4125-8a31-6a7c19e2cd0c,6a168db1-0ce0-423a-863c-f5b82c8c4577
49242a43-1eb3-427d-8580-384e7e4726bf,2026-05-08 00:59:18,4e89ac8b-78c2-4808-a10c-910104be9559,4db7b7a8-f4df-4931-aac3-3b9d2b71f08e
8419bf8e-a31f-4bf9-a1ab-bbff92c86ce8,2026-05-08 00:59:18,e77a8ad0-6ab9-4543-bc72-d362f2adb496,65c3c7ac-511b-49ed-bf6f-a4715b465e35
80a17968-2b67-412e-97d4-39385d8ede07,2026-05-08 00:59:18,d86ebbc9-36cf-44c7-951e-de75f766782c,3bb54a4e-8a6f-41d2-807c-7fb7cb1e6a68
31d24621-d43a-4d17-90f5-93610ab1958c,2026-05-08 00:59:18,fa19fceb-61be-4547-9636-d0bb9e93952f,70b4da77-7c5b-4b80-95f1-530a777bcc38
ede7e165-1fd3-4fa1-aeef-98c5a7a37c3c,2026-05-08 00:59:18,45e77763-fc2d-405e-9709-180ed3b843b1,216d0eab-402d-4037-9b1b-fa2bd2115a6f
9bf82b0d-c1c6-468a-b33d-638e15edb446,2026-05-08 00:59:18,75f2f126-2cc5-46d9-8b3b-26b5ff118c49,b9195515-5984-4fce-a734-c1466ebe11f1
6049b275-58bf-4a63-9394-10705ec02e09,2026-05-08 00:59:18,514b9545-4344-474e-8930-3286e6997860,4d995117-3262-4987-a7fa-74b62c8ac465
749a2993-7cd3-4ad9-84b1-88d50a07aaf2,2026-05-08 00:59:18,c1da6622-428f-4778-9cb1-9214c5a29cb4,781a9811-1d3a-4e93-94c8-90c884a86a28
254e689e-05c2-4652-8b67-98070d2decbb,2026-05-08 00:59:18,a783d762-826d-4e4f-b8e2-d3c054c6b667,7c564e93-0025-4631-8aa1-94b0acc6a180
c56a4c8a-326a-4afc-bd19-ef309feca4a4,2026-05-08 00:59:18,6523efa5-4654-4cfb-9b6f-d2c2fb9cba7c,47c726ad-ea41-4c24-b2cb-be1d0aa42035
030d9abb-187c-4e09-9115-94954c22681b,2026-05-08 00:59:18,9b0aac36-a084-49af-8b3a-54291118ebf8,0d34ae33-b36e-4753-a451-1880b62c7271
df445bf8-4160-4389-8272-3d16b6c5a6f8,2026-05-08 00:59:18,c937e979-fe3d-4c99-8170-e1a3019d280b,e7ec5522-4a8f-4bd1-a308-46839a4ad1b8
0b8c0f0f-dfa0-4e95-841e-cfc19b01eed8,2026-05-08 00:59:18,4fef6d97-f373-44af-845c-88344ac99ece,4a0cb993-e362-4fc0-a221-9c5e090cd0fa
2734c91a-fdd9-432d-aaa6-beb8979fc5e3,2026-05-08 00:59:18,e82073cf-1fb4-4337-b254-c2c4488bcfbe,544ac09d-2890-4d9d-a7b2-ab2a65ef3021
ef9a2cef-1bff-42fc-88a0-c2778aadb2d6,2026-05-08 00:59:18,f9728f13-c695-4db8-a890-12c0731f3383,51bed649-eac0-4b88-b020-7baa303bf940
8e8651b5-ad5a-4d4a-81f2-07713ada7d17,2026-05-08 00:59:18,5a0d3e79-9238-42c0-9f69-d60985786b72,b85c8908-4e2d-4f8b-a740-564c2dc89914
15830f85-fb14-4ca8-815b-514e83a87632,2026-05-08 00:59:18,4359220f-9bdd-4279-9f88-e825c55539e7,21f3baa0-2dff-45d2-a2ce-4f2bc0a6fe10
e3efd5cf-48b8-44a4-a178-57b2eff8c369,2026-05-08 00:59:18,5561ed38-9461-406f-810d-07fef2150c69,ce628260-b4da-4d12-a8e9-e38c72311cf9
66ba8737-0c93-4206-b24c-30833ed77dc9,2026-05-08 00:59:18,4fbc7bad-1b06-407b-9c8e-c2aaa621bb75,7bfeee46-f9cb-4e7b-a9eb-4cfcfa3ac489
2275220f-3246-404d-823c-ef5b140fff21,2026-05-08 00:59:18,e789bc9b-31ca-4921-8cb5-a04fa1d1bafb,382b3040-aee7-421f-8f9f-5e1f029123ec
dc7ab853-31af-41d5-9aab-bcd69358f1e5,2026-05-08 00:59:18,cb304a54-0615-47d2-965b-413ad1388dfe,254999de-a86e-4287-be7a-70347aeee175
d75510b3-a23b-4567-b977-e8f26348f3fd,2026-05-08 00:59:18,2fb04551-91dd-4192-b0c9-00c842036b9f,5f588687-e9a6-427b-9064-4c7704c4fbbc
0021bb37-2ff3-4bc0-9f02-ab0f30dd5d60,2026-05-08 00:59:18,2d137133-f87e-456e-a3c4-1a9bec883f17,a0d8ca41-04af-4211-bb90-1c7c4c7e0b34
16fb274d-7e08-4703-9ae4-871d13d0d02e,2026-05-08 00:59:18,92b34642-39a4-45f2-b585-9d31d214549d,1c1a74d9-4936-4e70-a484-c2f6eacf1cd8
9c4d2a5b-f9b8-4440-868c-d41a581e5373,2026-05-08 00:59:18,27d77947-cce9-4947-a682-46e6dc8d23a3,f3ebecd8-f3da-4b59-8403-ba9d0f9d5ab6
b52488cd-0892-4d68-a0c6-d0311c423069,2026-05-08 00:59:18,718ae055-3847-4a62-9960-2a5632aec752,51fa9fcb-d174-4bfe-90de-8c2bccd2125a
3d08cf6c-bff3-4586-9a67-832952eb1afc,2026-05-08 00:59:18,6b267d53-231e-4842-9880-0da0237dc572,5c8cf736-72ee-47a0-ba3f-fb3e0f15891d
a0e31e0c-b32d-477c-afe3-4148aba0acf1,2026-05-08 00:59:18,c2f9e048-66db-4cff-a998-a7526d12ad5f,9e01bb8b-a3a3-4bf9-9266-4abc986b4f29
381e6605-798c-4bb6-a708-4ec4148e7a0b,2026-05-08 00:59:18,e40d6303-30a4-494f-aa47-dd4a93fca906,2b01fb3c-62c6-4e45-b11c-7ea0ba6a8202
ada7845c-2de4-4094-9085-e01217c8a0a6,2026-05-08 00:59:18,cfad9cf1-b5b6-48ec-8386-da8ec4191afe,8602407a-99a9-4cf2-b893-ea7cbec058ac
7624505a-55e0-4acd-ada0-ed14c46c8480,2026-05-08 00:59:18,62e81dfc-6427-4ff6-a478-5f392f39ef45,5b54760a-6d5b-4442-8a6d-6540ef6b1de5
a2be74fd-cffe-46d2-b239-bce81f91e68d,2026-05-08 00:59:18,d2bce8db-0b1e-49a9-93d4-64c3f457730c,20f1096c-08ed-414e-90ae-c53c861c2a3f
03c641b7-ad61-429e-9ad8-2f56ad95885a,2026-05-08 00:59:18,21f0cb8e-3296-4d88-90fb-10419c503c2b,c30a4577-7a58-422c-b429-708007c05211
f2a31883-0cb9-44e3-84c2-76e4096b1769,2026-05-08 00:59:18,f82c877f-799b-4351-9fe2-454cf62e6a42,6b89e834-42f5-49e2-899b-cfd40ba8d640
87242a56-de7c-45f9-bf35-cd7d8259b690,2026-05-08 00:59:18,e03d48e3-fc37-45a1-9b7c-c32147bcfbcf,5d2be467-449a-4035-b909-a73b3942b8f1
c14781d3-1799-4b0f-badf-67654ccbcff7,2026-05-08 00:59:18,9d4e0d19-5df4-44a4-817c-482019c6607b,777f73a1-c0e2-44ee-bc5c-da29ebed3332
5a00209f-47ac-422e-9aa1-100ab8738111,2026-05-08 00:59:18,3dbbdab5-3e62-4833-87ee-7e5735b9cf17,160de199-09ec-479e-bda4-127c5067b137
e4f46f78-e5dc-4268-9f8e-6afde7ba10bc,2026-05-08 00:59:18,30d31b6e-75ec-4dc7-acc8-f5a8585815e6,5839a8f2-d4e4-4b84-b97a-504fd20503c1
535558fa-1b65-4aa7-83b0-68cec25c2a8d,2026-05-08 00:59:18,1963e1f3-82d5-40f7-8798-3cdd0ed709f2,fb47df2c-f0c1-4ae1-9c7d-b62178ec5e62
fc52d629-cc57-4bda-b942-67dcf0a363ae,2026-05-08 00:59:18,cef139e5-49b0-4c44-bb98-c6571e356920,a5c6da56-2624-4829-9524-b84e3e795217
f40a7bc4-c91e-42a7-a9e0-e0382d5bbf78,2026-05-08 00:59:18,b6b0df5b-a504-456a-b2fe-3a074ba2960a,f53eeca0-0c95-485c-bdd1-0e3b007bd332
6fcda3b5-c6b6-416d-af83-548e984efc30,2026-05-08 00:59:18,254254cc-6564-4f8c-b804-05c151ff4561,cd190c1e-934d-4d29-b5b5-a3c6602c58b4
473fbde2-a540-41a1-9d32-62b21130332e,2026-05-08 00:59:18,5517ed87-90d9-4223-bb7a-730825107547,926b4e03-81ed-46ae-9db3-493abc718def
81180a03-86de-4cd6-8979-9697916a3f82,2026-05-08 00:59:18,5ae0cc30-4c6b-4800-8fca-9a3e731566fd,ff805f8c-e98c-45fd-9bd6-4364f314fe55
77971ecc-d54b-4f15-9129-0202da22d197,2026-05-08 00:59:18,09f12be8-398a-4f85-b0c0-0912f296e6ef,ccf4901b-89fe-4c6d-bd54-fc529f6720fe
60c49501-0b49-4e85-a274-6ee527c4a49c,2026-05-08 00:59:18,934d7961-58e3-4a89-a3d5-c07a22d27b27,1289ef1f-e5d3-4d08-909b-4d3ab97eeda8
ea8e7f8a-f53d-4d82-a917-628afb7c1b30,2026-05-08 00:59:18,4ecded1c-13ad-4591-8308-8f8dddebb6d0,4fbc9194-88be-455d-b4aa-b3536f53041c
6edafe97-a510-4617-a55b-d28f4185dabd,2026-05-08 00:59:18,fa251cba-6208-4708-bf29-10bbe02a3eca,f585d6c9-0760-4bee-ae62-440fef6c85e9
8f7cbc56-4378-41e7-8fdd-d0a5b3ed547a,2026-05-08 00:59:18,09ba7103-611c-43f2-9804-19ee8927392a,51898e21-fe3a-41e3-a3dd-6dfbc8604c89
79ba0b36-f07c-4eb1-b4db-a6c56c700208,2026-05-08 00:59:18,7586ce17-5aac-4a79-a9cc-bd26e5372b40,b5c0f4ff-4abc-40f5-89ea-5e40e19bac6a
7d5e67ef-9ef2-45d0-bd51-413141a9109c,2026-05-08 00:59:18,363bcc79-74d9-4e06-a2ca-5e1eb8ecc525,99191907-a7c6-45c3-930c-5e65a55f96c9
757f6548-dc6e-4fc3-8112-91306906ff24,2026-05-08 00:59:18,369bbf80-e0c4-4621-8e7e-01101a5c22af,aabda2f0-2918-4487-911b-9e687ad2c1e5
344281f8-7d29-4cbb-a741-12e8dec6e0db,2026-05-08 00:59:18,efd1d682-bb7d-49bf-a587-7af166ccb5de,31b39903-df12-4018-8f42-2fbdd595af73
5772b88a-a5f6-4b0b-b7e4-2fd527b6f15d,2026-05-08 00:59:18,560f7ca1-594c-425a-96f0-bb354dced1b9,90138d89-1006-4806-a449-997784d9a461
49a4de2d-3027-430d-bd87-97a625433811,2026-05-08 00:59:18,cd4c7306-14dc-4dfe-98bf-3465eb98297b,84b3284e-b664-4bc5-b926-f0a8b4b78238
68c1e3df-8659-4216-ac5f-95f83e8c199d,2026-05-08 00:59:18,5324c9df-e99a-4952-af91-f2cb6c932ad3,ede10d1d-67f2-4d6b-b532-c028f80ac36b
a30b7e3f-34c5-4e4e-a785-7c9686fa65a0,2026-05-08 00:59:18,0f7b1350-05b6-4df8-8210-bb9966ea8412,903bab86-1555-4c6f-94dc-97dfdc471954
d5bb874f-5b7b-4729-9cd3-1939ed2d2085,2026-05-08 00:59:18,c9857fae-006c-4990-adc6-58e309c503c1,b0bf4daa-b018-4648-ad9e-38dfd9786bef
c971e612-0667-4fbf-ad2c-13a2e0cb3ccb,2026-05-08 00:59:18,99cfaed7-fcb8-48c1-9a4c-99a8e90713e0,eeb5145e-3507-4c02-bfae-a3b53e6f13b6
6184836a-a3e0-4867-833d-94f793bb18d5,2026-05-08 00:59:18,4b487d9a-e3f1-4157-8919-a037480549d3,32d3769e-6426-49ff-a688-5bd2235b2403
89a759ad-6c21-4a3a-94ba-4b0718e33b32,2026-05-08 00:59:18,674c9a08-7250-4db3-9811-f6009e10372e,d6e0da44-b25b-4812-93ca-71cd5798f8fb
c6732909-40f0-45aa-a695-8a21894915d1,2026-05-08 00:59:18,c71f88f7-0add-460d-b415-bf6d07037e7f,c69edaf9-8b5d-4625-a8c0-4b968aec5b8b
22f50a22-cf59-4bba-8ca3-dd9b907c1952,2026-05-08 00:59:18,2c0ba8ca-5d33-4c66-8d54-f915649ab9e3,6d7f19eb-6ca6-4ee3-a425-330d33fc1cc5
a068c682-9cc7-46af-a1b3-47bffe9732df,2026-05-08 00:59:18,66df8ec4-1fa9-42e9-9eae-c7573a102d15,99f381fc-129b-4dc8-97c6-206c993db0c8
5cf62e49-4e91-4017-abf3-2ac4cde91958,2026-05-08 00:59:18,2fa5adf9-541c-405e-a28c-92632e5c7bfb,264b82f2-992e-4235-8ee7-52d14566f5d3
13a07cd0-5b60-469e-84e6-2f255b5cca30,2026-05-08 00:59:18,ba29daad-5008-4e95-aecf-00798efa6fbf,55d11872-7409-4f2d-acd0-a20e73c2cec8
93e02e0c-c1dc-42fa-bc06-db565772009b,2026-05-08 00:59:18,4cb8424b-15f7-4a47-94c1-d4f0778a8c1d,18ed59f0-c080-4770-9203-95b18235289e
a1e7c24c-9928-4fc5-8a42-9134c56dc0d8,2026-05-08 00:59:18,a9290cf3-771a-47e0-a19e-5375276112b4,891c041c-2d3a-42a0-8aef-4db55fdf59cf
6012937d-0a6c-45e0-a226-c6d53a31d832,2026-05-08 00:59:18,a046d5f8-aa99-4e65-8e77-3679e512fd6f,4fe940d4-035c-4da1-8cb6-85dff8e6534f
8693ad6a-3391-452a-8ec6-b602ab4865bb,2026-05-08 00:59:18,c6092461-e18c-4af2-b33f-830fa6de29f8,d2c2ae83-a18d-44eb-9feb-002cf3023dc9
470cf06e-6220-4169-a479-cdee630cc7d0,2026-05-08 00:59:18,8441db0e-8916-4075-84ac-1d9b56b5e428,23ff0ace-672f-45c4-9de1-698d1f778f31
bdd0db64-8137-4537-ab6d-f279dd0ffd45,2026-05-08 00:59:18,61526365-a00a-4cf8-8910-c8442d55fa8a,0d2d5a32-fa40-4965-af21-f93ed0456ea1
ad7dcc60-de54-4a69-9155-3f6ba69db838,2026-05-08 00:59:18,d22d6dbc-1c6d-4459-a304-d49981a9f538,cca90555-7a05-48b2-85a5-23f0003cefda
90600fa6-d138-4a10-ad50-693ccec5093c,2026-05-08 00:59:18,7b53e21b-6d18-4f1e-bd66-3e311941aef0,55986047-6ff4-42eb-80fe-3b3ff31cbaaa
6d4a0906-f67b-46c3-a7ca-fd1261a5216f,2026-05-08 00:59:18,b87e061e-5697-4015-92a5-4177d80909ac,127baf11-9e96-461e-9aa8-28b5022f5b4c
34625d48-f937-4307-8d3e-3a68d4e96a0f,2026-05-08 00:59:18,236f300b-7e0e-4ace-9c2e-73de29de559a,03cf2c48-2263-4d3a-b4ce-2cdc3d6e8ae6
033ebc04-7a9f-43e2-ac21-c0bf48f041f1,2026-05-08 00:59:18,3c136a1e-44e4-4aa8-99c7-d89c7a69cae7,6e2d657b-fe0d-4faf-99ad-49aff91872ba
76125d6e-8b34-4d21-abe6-02fd5fdc4277,2026-05-08 00:59:18,378fd0b6-a92b-4c15-a951-357dfdbd6446,d680c085-d3d9-4b54-af8f-c2ab0f20db3f
8958880e-65e9-4fd5-b3c9-5acc528f8b09,2026-05-08 00:59:18,5b0d83e5-ff6a-46c7-b599-9c8a5618ea91,87897341-30d7-463d-8ed8-fd10a408a2bf
d0ffa774-0e66-4413-90a4-480cb9bc634f,2026-05-08 00:59:18,694beab9-abf9-4b55-97f6-4ca1d6943647,472c0303-77d1-4285-8c1d-6838c564a0f2
15634d00-1958-474f-a700-b743ac1b96d5,2026-05-08 00:59:18,96fab80e-83d2-40b3-9733-8b44545569d7,8c505e3e-2452-49e6-835a-ceac2f160b51
0c43eec2-be05-4716-85b5-818357f6a1bc,2026-05-08 00:59:18,e4695301-37a9-4303-b6c1-ce16247e42a0,470dd5d3-b41e-4a77-aba2-d00335363afb
a60c9aae-9a8f-4e20-aea0-474a11f52a36,2026-05-08 00:59:18,a6e089d8-0365-434c-b92e-2c9a9232394b,967435a6-97de-4bea-9a4f-e0615df9b847
0279f5b9-57ef-458d-9a5b-352c02c3eac6,2026-05-08 00:59:18,450a4b3d-6fea-4b11-a432-21478a51a712,039b97a8-6783-4c58-8893-8ae2f040033c
597bc6e7-fb7c-4f09-89b0-26ab1de66622,2026-05-08 00:59:18,cb3e81d7-05a4-4a51-948a-df9ede61e49a,bb72000c-14cf-4d5b-8196-1377dbb39432
ff4caa82-3fc4-40b4-8868-4de6e1b28c8b,2026-05-08 00:59:18,0cbf184c-7a87-43d4-b313-c0c951ae4753,d9285e44-49ca-455b-aff7-ad724baad1f1
a8e08521-3b3a-4331-8277-239da6870514,2026-05-08 00:59:18,ee37f425-f430-4106-a10a-be82a77d6e71,7681536d-1818-449e-a30d-7e7e6e464579
f17aa7fa-734e-4dc8-a3fb-ca8833f3b925,2026-05-08 00:59:18,b04de5e3-7fba-41ad-914c-c974e9bfb698,2443da46-2bf5-42ce-8aac-31dc3900ca14
3ec9abe9-8cc7-45d1-9614-298d94dd9ee6,2026-05-08 00:59:18,b1d028bc-7fde-4259-a6d2-2c0a9032c2d4,b5e1ebc6-c467-46b9-a62b-3d253154891e
d29d2126-093e-49bd-8a85-0dfd52bb547f,2026-05-08 00:59:18,49244530-1d5b-4846-b8b8-857eae3682d4,700815f3-172d-433d-9639-503675b74a63
8aa131bf-2431-463e-a085-f936bf365928,2026-05-08 00:59:18,f33167cf-fdf0-4137-b5c5-a413c627554b,99b2b73e-7ff9-41cb-ad70-8510b6eb6f94
7cf4070d-0903-4148-b10c-cd5722ab97ca,2026-05-08 00:59:18,370d8c3b-bbb9-42f7-b631-40a3d469972c,f0f1c54b-035d-4be9-8662-30104761be23
067228ee-4ecf-4c7a-9b86-7fe7a076b28b,2026-05-08 00:59:18,db5d5bf9-a14c-4a2f-8378-1fdaa0779e89,2e272a3b-2756-4e10-a16f-d51fda6a46a5
ea58a143-24d7-436d-8179-1af47364c3f9,2026-05-08 00:59:18,923537c3-9a91-4d94-9293-0f31584b081a,27c378ff-6b46-4582-9e3e-a7264f5cd48c
4e016ab6-0896-49ce-b5d7-252a3b721478,2026-05-08 00:59:18,ef232179-598f-4b4c-9f2c-49703050fbff,15442a95-71c2-4e59-9113-a5f317b800b0
e65c55f9-fa06-4b3f-8e28-f843c4a340fd,2026-05-08 00:59:18,fcd73d91-3a79-4ec2-b175-a45a738cf225,6824c0d2-54d3-4475-b0f6-c774cbe7ad56
f2e10dbe-e814-4b90-8217-ba4b57693782,2026-05-08 00:59:18,d860baf8-4c2e-4ce9-9bfa-c352ce851ea5,03e4bd49-31b7-4f8f-82e3-c43e75199270
f645e9ee-387d-417b-9f77-6aa90db44c4c,2026-05-08 00:59:18,10fd6a4f-e2ec-4572-83ab-6ccbc79a479a,408d2a81-b546-426b-b820-4033773c5505
cf62f595-917f-4b02-a09f-d914b531177c,2026-05-08 00:59:18,8c8ea583-fa93-43ad-84e3-a49c42f75d65,7ce7a09b-eee4-421c-a3f5-3ea04bd0936e
d144f9ce-05c0-45c8-9a8f-73ed724dbc26,2026-05-08 00:59:18,37f0b227-8a77-4ffb-9db6-d80fce76c50b,24516332-3c4d-4bc0-acdc-e0440fd4c46b
391db48a-fc45-48a6-ace6-9aaab6a71290,2026-05-08 00:59:18,542fadda-1e39-46ba-aaa0-8151632254c6,4b0f7de8-5c20-43e1-8c6a-7c44e2b08a83
67ac0176-3a92-4c5a-a8cc-1a6f3b67da91,2026-05-08 00:59:18,129fe3a0-650e-4679-a682-abd6f46d6bef,9a12d89a-62a2-495f-b4f4-ebd0dd30560f
8d96f4ae-0bcb-4e3e-aa72-2c82202e8514,2026-05-08 00:59:18,262e2369-14bf-4ecd-b125-e03ab3d9df3b,5a973026-8ad5-4061-803e-3fdb8758014e
dc463652-9c00-422d-8cd9-b32df9a05d26,2026-05-08 00:59:18,be017bcb-300b-4172-a446-102bc8eae961,eef26475-220d-41b9-a087-0bb43ef06098
dfc41353-5a7a-4e69-81ae-34c9807239fc,2026-05-08 00:59:18,eac5d3f4-0741-431d-b92c-4d4cf49b5b16,14cf689e-1087-455b-99d8-dc2e1afd62ca
7f0d540a-1842-4d22-a6fa-f10a224d7a9c,2026-05-08 00:59:18,bcac69a6-bd32-4f8f-a48f-49e00520466d,d40729e7-b7ad-45cc-b183-5f73dc485e1c
34859d56-e4ef-4864-b424-9d7a4e1e6c39,2026-05-08 00:59:18,59ce52c6-23ff-4540-9f09-55574223d346,413ac0bc-aec5-4c87-8d76-a73cf07cf87c
40606089-f333-43e1-9781-7be4a40e4dfe,2026-05-08 00:59:18,31de6ee7-b882-4abc-93ca-05dfe64a4713,5af33bf4-d526-41b2-91be-409ccf52fc1f
78530158-ceb9-4abb-a7a5-30ea76a7f62c,2026-05-08 00:59:18,dce1aff1-dd65-4e06-a149-74c8cf9c916b,3ad7c48c-b9e6-4b5f-b021-eaaf958bc057
0dfd3a4c-20cc-486a-9e3c-bae3f4b2d230,2026-05-08 00:59:18,80210049-58dc-4d5b-a6e3-f1ee230b9157,6b09c8f8-fdca-4246-9b41-e77b51134dd5
c95da31d-2f4c-4dfd-ac6c-37c5aecbfc2f,2026-05-08 00:59:18,d74de5ca-b339-4b85-8014-e31a4e4375f1,c23b0611-ef14-42ec-90ba-1ba0d5d61b10
f76ed5e7-c132-4c6b-a8fe-a5d5f2156e3f,2026-05-08 00:59:18,17042987-401d-423e-8b06-6fea0a1aa1e8,52881665-e2e9-4057-a345-c0049a1ac50f
9f55651c-d249-4181-a8ee-d6859e8e2d7c,2026-05-08 00:59:18,4ac01a89-c802-4844-975e-3f74d98c9b4c,292c9556-f5ac-40c6-b517-2748771d4deb
1f9a81d3-6363-40f4-90ce-65084babb1de,2026-05-08 00:59:18,67cb8388-4b29-48c6-b23a-5dd87bdeb8fe,b620f7e1-4d61-4776-a68c-755fcb93611a
86575220-46ef-40a4-a4e1-6c18c410d4af,2026-05-08 00:59:18,2c684661-d799-4ac0-8e99-6bfb142e4fe9,6e2075b0-4d0b-4319-a52d-b10d49e02f6a
182bbbee-9f6f-4448-a2b3-873705daaead,2026-05-08 00:59:18,4a5fe49e-beb8-438e-9be3-c7a54352e529,893e22d2-640b-4476-8b15-ab322c0d2dc3
40125e29-4aea-4eb1-a899-7d761fe5111e,2026-05-08 00:59:18,f42f9f40-4f96-40ec-81a4-2d7b0566e923,1436580a-714d-4c4f-aa26-cd90756047d5
f2e848f9-f938-4005-9a86-94f53e019941,2026-05-08 00:59:18,ef88e769-ce82-4dc8-a340-efd457d0aeb8,09c104fe-f356-4e7b-bda4-919a19c621df
ca167739-e728-4734-859b-a5c390c2eb49,2026-05-08 00:59:18,960b70d0-2f86-42a5-8a1b-788290b36ad3,33faa049-a51a-4ffb-aef6-b8fd34dcc27f
14c790cf-c54c-4353-8663-548703b01a32,2026-05-08 00:59:18,2f02a828-a2b8-4c3b-9c01-1f79f2607897,d65e3641-a5ff-45ea-a471-355c27ababdd
eba89e2f-0df8-47fa-baec-25cd731895ae,2026-05-08 00:59:18,d817cae7-4331-4844-89f0-054034b5a5e1,d1362215-83aa-4eac-a729-f930f18fa3e2
bcbcfa8a-f605-4a08-8d67-01117df57a09,2026-05-08 00:59:18,18f17eee-d93e-4153-bb9b-5d334fc5b3f3,0aa79cb0-132e-4350-865a-3239f047d06b
58116fee-51ae-4539-9794-6f481bcb01f0,2026-05-08 00:59:18,93dd3f78-9891-421a-bed9-e2a7347cdf4c,86861db6-fe74-4e3a-b692-a9989af9baff
d0cd7278-03fc-4d8d-9d86-4749d9aca475,2026-05-08 00:59:18,343b5e44-8f0d-48fc-a210-319f812f9fae,e97bb272-89aa-447f-9dce-c4b089b11a63
d3db1af8-7d9d-49a2-af45-ec0100b20b04,2026-05-08 00:59:18,515c4fb2-e801-4cbc-9dd4-82d77ff66949,3264bd18-0d92-40e4-8f6c-a59fb3a7c674
53f70fc1-07ac-47ee-a383-e4b851c6477c,2026-05-08 00:59:18,3f664698-d646-4555-b8e5-3bbc2726da03,2cbeecb5-f87b-48ae-8873-1a2e1fe72c5b
f2d4a3e6-c412-4a9f-a27c-fe129f560438,2026-05-08 00:59:18,8b2d6f27-d8b2-4a9d-8272-4bc6f2bd6d05,323ef87e-94a5-4c48-bf16-a02940f34054
d3301bef-d4ea-4b10-9018-226ca960f4b3,2026-05-08 00:59:18,04601645-dd07-4a36-a38b-b7861384bc8e,f04aa031-f342-43ee-86fa-5f3ed02e2ddd
dd7fad62-3350-41ab-bb0d-cad0bd26296c,2026-05-08 00:59:18,6fb136f2-2899-440d-91f9-d8edc86450ff,c91d228b-e0aa-4ccf-9717-301625dd1eac
5b7691af-de03-4c95-a9b8-28db39a0e384,2026-05-08 00:59:18,9d691f9c-2f01-473f-b05a-cbcc1a6ca9e5,7725c649-925a-446d-b36c-574be30ee67a
32eaaa68-6a6c-4324-97fa-7e0a87ab7975,2026-05-08 00:59:18,4e9bfe2a-3225-4305-9272-c42af4d87841,0bfc75ac-5a4f-43be-8200-3ad4652462fa
2fe07864-4f60-4ec1-bae8-4b1bd0055458,2026-05-08 00:59:18,d1168cb7-5614-4985-a892-225283ddf6e5,2402c479-8c8e-4df6-83c6-e44e3cba42fe
47b3b0cf-6035-4d83-9069-cee8984dc365,2026-05-08 00:59:18,f15f8f12-6dac-4f27-a036-80166cbdd536,4f39a066-f0f9-4d4d-b9c5-6aec1238d6cb
8cded9f6-c6c5-4647-9672-a78b78c0807d,2026-05-08 00:59:18,1a3d0dc5-2419-45d9-b57a-c4ff2347b7ef,3f7f9393-89a1-4748-844a-2b4496d1f097
2fd5fd13-000e-41ca-9e50-6e780a975900,2026-05-08 00:59:18,19c4dc58-02d7-4ddf-bcc6-3820b8eef2d6,c3b03f0f-8170-40f0-a015-c4bd53592c2b
1c0dacb7-33f4-471d-b9dd-d87a2aab2abd,2026-05-08 00:59:18,c2f08e09-c784-4783-87a5-38738547e7ec,99602bad-e84a-41de-88c7-4b87095b6b85
7dcbe686-7d7e-47e5-9976-47cc8a24ee38,2026-05-08 00:59:18,076c8c72-8c80-4f47-8bdf-4ed6a1be52ef,70fd2a40-4340-4b37-88a5-50378c3e2a72
2e0f3c37-6737-4f82-9537-70002d85decb,2026-05-08 00:59:18,7c88aee3-167b-4ecd-b9cf-e80ec6a57800,69d92661-afeb-41dc-a43d-c1f12cdd2d11
a90d17c5-08d2-4c07-b28b-0e9879928127,2026-05-08 00:59:18,85d9a88b-27ef-4273-bc92-429d1d49ce22,433f7486-46e5-4b4a-b0f4-d2180536a201
a981f48a-62da-497f-9c6d-e13f411d70fb,2026-05-08 00:59:18,4abd760b-6a7b-4658-bb84-b5956bb246f8,72420f1b-ee74-4966-983a-bf6807086a6b
b5e45d19-5134-4b30-889b-e688b5f7386a,2026-05-08 00:59:18,3c67151b-ce26-4c2c-8337-0186ceddc061,67deb942-2d1c-440b-bc2c-d886ecec618f
c877b1ef-9054-428e-adaf-b025a696edb9,2026-05-08 00:59:18,f01cee3f-7cf9-4e1b-9d1b-bd452512daac,291a5c28-2f56-4d0a-9456-a0d7ece9e996
04c67291-bf46-4c2a-ab53-ec0d2ce7e0c4,2026-05-08 00:59:18,465dc8fa-1e2b-4c00-8253-7d7f3c32d488,a426956c-b1a0-4570-8df2-6459281dce5b
fc6d61b6-37f7-420c-88e6-557faebb37cf,2026-05-08 00:59:18,7960827f-c9f3-4507-bd48-844284f99217,5baf6ee6-30ee-4f32-ba22-32f43a3b4caa
d310e9b1-a864-40a8-b30e-9da7c3786c3a,2026-05-08 00:59:18,65a2ee7a-2825-4682-ab1c-7d0afb21d429,eab4b751-4765-48ce-9d2a-fad02beb88b4
03e7a43d-6ff7-401b-b8d7-52765d0e2049,2026-05-08 00:59:18,a75413ba-f7e8-4cea-9d22-864d2d31c336,508c66c8-28dc-4362-97cd-e868308da95f
66046413-17e2-44a3-9039-3d8b8ea90b4f,2026-05-08 00:59:18,596a3af0-2664-4d6d-a58a-e8d4bedc282d,607da11e-a9a6-4959-b344-c85607b08005
d67752f0-ff30-4b34-94c6-c1f6a7d9a775,2026-05-08 00:59:18,98356570-f857-4e3a-95f1-59e5420605b3,2d910496-675f-4452-ae5d-d3023a02e1a2
86bfcb33-9e1b-423e-a3c4-4d0cd42de2b8,2026-05-08 00:59:18,86ff93d6-debd-4c04-9bba-a658f30fe28e,6d047cba-7074-4ed2-821b-087ca6d67512
03ff7b9f-80d7-4e38-b6c7-012bfd58b286,2026-05-08 00:59:18,06016924-d7f8-415c-a775-157aa5aa5662,7cefc072-a67a-4adf-91d1-50807a21dcd3
1895b30c-341d-4f8d-92a7-9258adae3435,2026-05-08 00:59:18,669c79c2-d1b9-4dcf-bb8d-270fd5709fcc,8c750e59-06c2-45ba-90ec-2b2f538aa08b
5ac07413-0a4a-46cb-8a5b-944820165772,2026-05-08 00:59:18,a9b0fa8e-321e-4284-80ea-ed57c8d10ad2,d8cdec67-f9b5-4271-a1cd-f75ac68adffc
0fe3138d-4a14-49e9-99a5-b78aa40c3766,2026-05-08 00:59:18,f6dc5e53-b6e1-4d68-b429-c8922af3f1f8,3ad5437d-42d2-4932-8ee0-5d5dd03b3d95
ca59ea4d-bffe-45b7-b597-72e9cc240aae,2026-05-08 00:59:18,98ec4dc1-dea9-41b3-ac56-37c24e4e33fb,daefd034-21f7-4994-b0f7-a179a0e2045a
3133d3fc-5b46-4a5d-8863-e9715a56b925,2026-05-08 00:59:18,7d5b9c74-30af-4780-8416-9aabcff9236f,b2b1e456-70ef-4f4a-92f5-ad9bb28e234a
0394a172-796b-4b89-9d88-6aae546cfd9e,2026-05-08 00:59:18,beec2de9-494c-42dc-92fe-02d846981495,59ac5d1b-dc64-414f-a578-da2e58ea9a59
e5615d64-03f9-4c71-ac29-e80a59cebb74,2026-05-08 00:59:18,9c3bbcd6-1077-498a-aaf0-34f2766a8d42,9de416cf-0d56-4920-a69c-173e097395a6
10ae0184-febf-4c9f-9e47-50314c7d73e5,2026-05-08 00:59:18,d27c6d7f-687d-464b-9620-c8968fcfa25b,5eda119f-9058-4a67-81b7-b0229ebc9373
057d7d18-fe81-4fea-ad66-3416c4bdcfe0,2026-05-08 00:59:18,fb9060cc-2267-4121-9ec1-b34b0b09223a,1793e2ad-9f55-4cc1-8299-0632651af7ef
46d3a92e-856e-4b2c-b4e4-8727fa578bce,2026-05-08 00:59:18,19d8710a-b766-46cc-91e1-87b0c8d86ba2,d22af716-54e0-4ef2-8ed4-b631c56b3956
d4f40348-bad7-423d-9ff9-fb0305b469dd,2026-05-08 00:59:18,e17eb094-8a26-48ae-8c87-69dd203ab123,cea7e198-f710-4b72-b494-cec41325ad4f
3b33d2c5-134d-4a62-8822-c31630d8bfd8,2026-05-08 00:59:18,e73c78e9-dad3-41db-a49e-cb0e6fc4e820,56306c59-2ab4-4c02-a107-28a9f4a70202
97aaf392-88e8-40b1-a9fd-f9943068dd78,2026-05-08 00:59:18,6cd88612-132c-4370-aad2-4d14a1ee0165,c81ba613-51a9-406b-8ac6-aaf7ff6c20c6
190f3ce9-63a4-4481-a6a0-f8a5a1aad2d2,2026-05-08 00:59:18,8c082afe-2075-4e3f-9d77-3d72f613f69b,bdedd86e-d04d-40ce-897b-26ed0e8bc9aa
a897e7fc-d04d-420c-bd6e-0b2135ae1704,2026-05-08 00:59:18,52d06e95-cf4a-4644-bfd2-999ce3804d00,a9d9340e-7d8e-4dff-97af-12ce147c35a3
ffca377b-04b9-4587-8df2-9d9c124931f5,2026-05-08 00:59:18,80076914-27bd-40bb-a7d9-7b57667e91d5,5b5345bf-c713-4dfd-a7a7-c1d971839713
f88d8bc1-32c5-4677-b36d-5456bd75e8bf,2026-05-08 00:59:18,fa2ea732-f37b-486f-8902-304ed722da41,6aa6e6ea-ec94-494a-8e84-3b4ac7c79a9e
d63d7b5b-977d-401d-8d60-ab2d5ce98dca,2026-05-08 00:59:18,36f740b6-6f2a-46eb-af99-05342b5427f1,6318f70c-52d6-45a7-9d9d-ae6c3add074e
c110f9dd-1ace-4909-bbba-b12ce6e88ff1,2026-05-08 00:59:18,d44a6e41-4c0a-42c1-86c0-2294d99a3ab7,5c28dc69-3232-4613-bc49-1ab895de21b0
2e4fa3ee-c8c8-4363-8002-b7b6d6f1d27d,2026-05-08 00:59:18,6fdc9160-0d7f-443f-935f-8c4a6521c1e2,20edb7e2-d154-4a46-9c7e-5391a5a27646
2a01fe63-6b12-425e-b556-2d4c9e5cea2d,2026-05-08 00:59:18,24bbb97f-7ad5-4446-aa5c-0b679011a61f,565782a2-6f63-4843-8ef8-14a08c3b5240
25e1c489-912d-4ac5-bd08-0865452d3007,2026-05-08 00:59:18,639cf4cc-b44a-4a34-9e3a-d0ba6449292a,77b0658c-1d05-428c-a6d4-a99d73dcd0d9
e9dbc57f-3b77-457c-8f8a-cad281507d0b,2026-05-08 00:59:18,e65b2407-9553-40d6-9fd0-5b8f3eb534df,75527d8b-6a87-4e7d-a77e-2aff09b44d8c
